,label,score
0,NEGATIVE,0.9993970394134521
1,NEGATIVE,0.8622046709060669
2,NEGATIVE,0.997173547744751
3,NEGATIVE,0.9953190684318542
4,NEGATIVE,0.9982473850250244
5,POSITIVE,0.9809765219688416
6,POSITIVE,0.9791794419288635
7,NEGATIVE,0.9984937906265259
8,NEGATIVE,0.9892730116844177
9,NEGATIVE,0.9807420969009399
10,NEGATIVE,0.9505786895751953
11,NEGATIVE,0.9814691543579102
12,POSITIVE,0.9902662634849548
13,NEGATIVE,0.9917781352996826
14,NEGATIVE,0.9986193180084229
15,POSITIVE,0.9916380047798157
16,NEGATIVE,0.9481035470962524
17,NEGATIVE,0.9942724704742432
18,NEGATIVE,0.9984813332557678
19,POSITIVE,0.9919520020484924
20,NEGATIVE,0.9925932288169861
21,NEGATIVE,0.9240683317184448
22,NEGATIVE,0.9973036050796509
23,POSITIVE,0.9979142546653748
24,NEGATIVE,0.9822137355804443
25,NEGATIVE,0.9620215892791748
26,NEGATIVE,0.9984835982322693
27,NEGATIVE,0.999135434627533
28,POSITIVE,0.9982225298881531
29,NEGATIVE,0.981682538986206
30,NEGATIVE,0.9673094153404236
31,NEGATIVE,0.9994683861732483
32,NEGATIVE,0.9413051009178162
33,POSITIVE,0.9906722903251648
34,NEGATIVE,0.9963923096656799
35,NEGATIVE,0.9912304878234863
36,NEGATIVE,0.9944542050361633
37,NEGATIVE,0.9991279244422913
38,POSITIVE,0.9917101263999939
39,NEGATIVE,0.9994542002677917
40,NEGATIVE,0.9891622066497803
41,NEGATIVE,0.9993927478790283
42,NEGATIVE,0.9592531323432922
43,NEGATIVE,0.6819446682929993
44,NEGATIVE,0.99369215965271
45,POSITIVE,0.7722341418266296
46,POSITIVE,0.9993742108345032
47,POSITIVE,0.9890779852867126
48,NEGATIVE,0.9928258657455444
49,NEGATIVE,0.9957626461982727
50,NEGATIVE,0.9990170001983643
51,POSITIVE,0.9970678687095642
52,NEGATIVE,0.9988873600959778
53,NEGATIVE,0.8795762062072754
54,NEGATIVE,0.9991753697395325
55,NEGATIVE,0.9596061110496521
56,NEGATIVE,0.9947311878204346
57,NEGATIVE,0.9983495473861694
58,POSITIVE,0.9763690233230591
59,POSITIVE,0.9986742734909058
60,NEGATIVE,0.9978774785995483
61,NEGATIVE,0.9967615008354187
62,NEGATIVE,0.9994584918022156
63,NEGATIVE,0.9763708114624023
64,NEGATIVE,0.9904593229293823
65,NEGATIVE,0.9949166774749756
66,POSITIVE,0.985552966594696
67,POSITIVE,0.985552966594696
68,NEGATIVE,0.9993568062782288
69,NEGATIVE,0.996597945690155
70,POSITIVE,0.9920011758804321
71,POSITIVE,0.9898730516433716
72,POSITIVE,0.9272201657295227
73,NEGATIVE,0.7472836971282959
74,NEGATIVE,0.9525279402732849
75,NEGATIVE,0.9993206262588501
76,NEGATIVE,0.9958963394165039
77,NEGATIVE,0.9980466365814209
78,NEGATIVE,0.9976248145103455
79,NEGATIVE,0.9965187311172485
80,POSITIVE,0.9818680286407471
81,NEGATIVE,0.9982659220695496
82,NEGATIVE,0.9980428218841553
83,POSITIVE,0.9993758797645569
84,NEGATIVE,0.9868384003639221
85,NEGATIVE,0.9993733763694763
86,POSITIVE,0.9449928402900696
87,POSITIVE,0.9730187654495239
88,NEGATIVE,0.9748797416687012
89,NEGATIVE,0.9985509514808655
90,NEGATIVE,0.9975578784942627
91,NEGATIVE,0.9938365817070007
92,POSITIVE,0.9937762022018433
93,NEGATIVE,0.999309778213501
94,NEGATIVE,0.9827221035957336
95,NEGATIVE,0.9997474551200867
96,NEGATIVE,0.9333081245422363
97,NEGATIVE,0.9837010502815247
98,POSITIVE,0.9951872825622559
99,NEGATIVE,0.9986444115638733
100,NEGATIVE,0.9991112351417542
101,POSITIVE,0.9181588888168335
102,NEGATIVE,0.6235713958740234
103,NEGATIVE,0.9989888072013855
104,NEGATIVE,0.9991505146026611
105,NEGATIVE,0.9971434473991394
106,POSITIVE,0.9974127411842346
107,NEGATIVE,0.995634138584137
108,NEGATIVE,0.99439936876297
109,NEGATIVE,0.9995695948600769
110,POSITIVE,0.9995648264884949
111,POSITIVE,0.9916878342628479
112,NEGATIVE,0.9993357062339783
113,NEGATIVE,0.9991814494132996
114,NEGATIVE,0.9857101440429688
115,NEGATIVE,0.9991790652275085
116,NEGATIVE,0.6447362303733826
117,NEGATIVE,0.997495710849762
118,NEGATIVE,0.9960033297538757
119,NEGATIVE,0.9809877872467041
120,POSITIVE,0.9989094734191895
121,NEGATIVE,0.9995579123497009
122,POSITIVE,0.9933300614356995
123,NEGATIVE,0.6064080595970154
124,NEGATIVE,0.9983491897583008
125,NEGATIVE,0.9976972937583923
126,NEGATIVE,0.9590402245521545
127,NEGATIVE,0.9980903267860413
128,POSITIVE,0.7153053879737854
129,NEGATIVE,0.988066554069519
130,NEGATIVE,0.9845386743545532
131,NEGATIVE,0.7712125182151794
132,NEGATIVE,0.9706934094429016
133,POSITIVE,0.985701322555542
134,POSITIVE,0.9978717565536499
135,POSITIVE,0.9993828535079956
136,NEGATIVE,0.9988079071044922
137,NEGATIVE,0.9938244819641113
138,POSITIVE,0.9931102991104126
139,NEGATIVE,0.9969068169593811
140,POSITIVE,0.9963098168373108
141,NEGATIVE,0.9971923232078552
142,NEGATIVE,0.5243337154388428
143,NEGATIVE,0.9990288019180298
144,NEGATIVE,0.9956938028335571
145,POSITIVE,0.9644579291343689
146,POSITIVE,0.999263346195221
147,POSITIVE,0.5087067484855652
148,POSITIVE,0.999176561832428
149,NEGATIVE,0.9965620636940002
150,POSITIVE,0.616783857345581
151,NEGATIVE,0.9874388575553894
152,NEGATIVE,0.9968296885490417
153,NEGATIVE,0.9995245933532715
154,NEGATIVE,0.9982553124427795
155,NEGATIVE,0.9808323383331299
156,POSITIVE,0.9988429546356201
157,POSITIVE,0.935268223285675
158,NEGATIVE,0.6291583776473999
159,NEGATIVE,0.9949906468391418
160,NEGATIVE,0.9964631199836731
161,NEGATIVE,0.7372066378593445
162,POSITIVE,0.9945363998413086
163,NEGATIVE,0.9940599203109741
164,NEGATIVE,0.9974964261054993
165,POSITIVE,0.9885562062263489
166,POSITIVE,0.9085767269134521
167,POSITIVE,0.9760289788246155
168,POSITIVE,0.9995006322860718
169,NEGATIVE,0.9985471367835999
170,NEGATIVE,0.9997962117195129
171,NEGATIVE,0.9886043071746826
172,NEGATIVE,0.9896804690361023
173,NEGATIVE,0.9823359847068787
174,POSITIVE,0.995023250579834
175,NEGATIVE,0.9972783923149109
176,POSITIVE,0.985181450843811
177,NEGATIVE,0.9989688396453857
178,NEGATIVE,0.9305602312088013
179,NEGATIVE,0.99739670753479
180,NEGATIVE,0.9994029998779297
181,POSITIVE,0.9989743232727051
182,POSITIVE,0.5942662954330444
183,NEGATIVE,0.9770016074180603
184,POSITIVE,0.5229637026786804
185,POSITIVE,0.8666707873344421
186,NEGATIVE,0.9992879033088684
187,POSITIVE,0.9996706247329712
188,POSITIVE,0.998420238494873
189,NEGATIVE,0.9886294603347778
190,NEGATIVE,0.9728033542633057
191,NEGATIVE,0.9995502829551697
192,NEGATIVE,0.9290848970413208
193,NEGATIVE,0.9987353682518005
194,POSITIVE,0.996160626411438
195,POSITIVE,0.9991188645362854
196,NEGATIVE,0.9936635494232178
197,NEGATIVE,0.994207501411438
198,POSITIVE,0.8706120848655701
199,NEGATIVE,0.836320161819458
200,POSITIVE,0.9834601283073425
201,NEGATIVE,0.996240496635437
202,NEGATIVE,0.9971498847007751
203,POSITIVE,0.6689993739128113
204,POSITIVE,0.9998728036880493
205,NEGATIVE,0.9982366561889648
206,NEGATIVE,0.8473109602928162
207,POSITIVE,0.9977239966392517
208,NEGATIVE,0.9992104768753052
209,NEGATIVE,0.9962146878242493
210,NEGATIVE,0.9974350333213806
211,NEGATIVE,0.9966764450073242
212,NEGATIVE,0.9387612342834473
213,NEGATIVE,0.9921284914016724
214,POSITIVE,0.9996635913848877
215,POSITIVE,0.595518171787262
216,NEGATIVE,0.9080284237861633
217,NEGATIVE,0.9994636178016663
218,NEGATIVE,0.9972002506256104
219,NEGATIVE,0.9878865480422974
220,NEGATIVE,0.9987474679946899
221,NEGATIVE,0.9933621883392334
222,POSITIVE,0.9877743124961853
223,NEGATIVE,0.9989771842956543
224,POSITIVE,0.9613986611366272
225,POSITIVE,0.9918463826179504
226,NEGATIVE,0.9993541836738586
227,NEGATIVE,0.6253455877304077
228,POSITIVE,0.9892561435699463
229,NEGATIVE,0.9785788655281067
230,NEGATIVE,0.9503827095031738
231,POSITIVE,0.963354766368866
232,POSITIVE,0.9978533387184143
233,NEGATIVE,0.9990317821502686
234,POSITIVE,0.7486698627471924
235,NEGATIVE,0.9969919919967651
236,NEGATIVE,0.9981062412261963
237,NEGATIVE,0.9996321201324463
238,POSITIVE,0.999692440032959
239,POSITIVE,0.9899925589561462
240,POSITIVE,0.9967001080513
241,NEGATIVE,0.9992997646331787
242,POSITIVE,0.9782243967056274
243,NEGATIVE,0.9989604949951172
244,NEGATIVE,0.9985672235488892
245,NEGATIVE,0.9897192716598511
246,NEGATIVE,0.9920856356620789
247,POSITIVE,0.998370349407196
248,NEGATIVE,0.9986403584480286
249,NEGATIVE,0.9925262928009033
250,NEGATIVE,0.9989535808563232
251,NEGATIVE,0.9890868663787842
252,NEGATIVE,0.9992882609367371
253,NEGATIVE,0.9968557357788086
254,POSITIVE,0.9951693415641785
255,POSITIVE,0.9964732527732849
256,NEGATIVE,0.9995507597923279
257,NEGATIVE,0.9991708993911743
258,POSITIVE,0.8577852845191956
259,NEGATIVE,0.9768163561820984
260,POSITIVE,0.9960010647773743
261,POSITIVE,0.9903948903083801
262,NEGATIVE,0.9741800427436829
263,NEGATIVE,0.6899116039276123
264,NEGATIVE,0.9913456439971924
265,NEGATIVE,0.9986786246299744
266,NEGATIVE,0.9985252022743225
267,NEGATIVE,0.5681185126304626
268,NEGATIVE,0.9994634985923767
269,NEGATIVE,0.9926725029945374
270,NEGATIVE,0.7379704117774963
271,NEGATIVE,0.9985796213150024
272,POSITIVE,0.9703439474105835
273,NEGATIVE,0.9875819683074951
274,POSITIVE,0.9922615885734558
275,POSITIVE,0.9920054078102112
276,NEGATIVE,0.9966061115264893
277,NEGATIVE,0.9991224408149719
278,POSITIVE,0.5246776342391968
279,NEGATIVE,0.996319055557251
280,NEGATIVE,0.5519325733184814
281,NEGATIVE,0.9833784699440002
282,POSITIVE,0.9884253740310669
283,NEGATIVE,0.9947764873504639
284,NEGATIVE,0.9991326928138733
285,NEGATIVE,0.9968245029449463
286,NEGATIVE,0.9798120260238647
287,NEGATIVE,0.9994812607765198
288,NEGATIVE,0.9993438124656677
289,NEGATIVE,0.99755859375
290,POSITIVE,0.9349147081375122
291,POSITIVE,0.9954049587249756
292,NEGATIVE,0.9910106658935547
293,NEGATIVE,0.9578200578689575
294,NEGATIVE,0.9993001222610474
295,POSITIVE,0.9938532114028931
296,POSITIVE,0.8607524037361145
297,NEGATIVE,0.9615476727485657
298,POSITIVE,0.9980127811431885
299,POSITIVE,0.9892842173576355
300,NEGATIVE,0.9876700639724731
301,NEGATIVE,0.995539128780365
302,POSITIVE,0.9922853708267212
303,POSITIVE,0.9959602952003479
304,NEGATIVE,0.9370869994163513
305,POSITIVE,0.9786070585250854
306,POSITIVE,0.9841672778129578
307,NEGATIVE,0.999342143535614
308,NEGATIVE,0.9982143640518188
309,NEGATIVE,0.9923031330108643
310,NEGATIVE,0.7973945140838623
311,NEGATIVE,0.9986116886138916
312,POSITIVE,0.9956129789352417
313,NEGATIVE,0.999259889125824
314,NEGATIVE,0.9974768757820129
315,POSITIVE,0.9885412454605103
316,NEGATIVE,0.9994476437568665
317,NEGATIVE,0.9991388320922852
318,NEGATIVE,0.9795114994049072
319,NEGATIVE,0.995635449886322
320,NEGATIVE,0.9447911381721497
321,NEGATIVE,0.9993345141410828
322,NEGATIVE,0.9992107152938843
323,NEGATIVE,0.9949493408203125
324,NEGATIVE,0.9797989130020142
325,NEGATIVE,0.9976043105125427
326,POSITIVE,0.9994931221008301
327,NEGATIVE,0.9941287040710449
328,POSITIVE,0.9260601997375488
329,NEGATIVE,0.9971573352813721
330,NEGATIVE,0.9403271675109863
331,NEGATIVE,0.9987358450889587
332,POSITIVE,0.992198646068573
333,NEGATIVE,0.9986763596534729
334,NEGATIVE,0.9955806136131287
335,NEGATIVE,0.8384574055671692
336,POSITIVE,0.9657388925552368
337,POSITIVE,0.9276931881904602
338,POSITIVE,0.9100819230079651
339,NEGATIVE,0.9788351058959961
340,NEGATIVE,0.9935218691825867
341,POSITIVE,0.9890047907829285
342,NEGATIVE,0.9899526238441467
343,POSITIVE,0.984907865524292
344,NEGATIVE,0.9994387030601501
345,POSITIVE,0.997087299823761
346,NEGATIVE,0.9993594288825989
347,NEGATIVE,0.9982390403747559
348,NEGATIVE,0.9984419941902161
349,NEGATIVE,0.9770979881286621
350,NEGATIVE,0.9925054907798767
351,POSITIVE,0.9928915500640869
352,POSITIVE,0.9866725206375122
353,NEGATIVE,0.9992870688438416
354,POSITIVE,0.9995661377906799
355,NEGATIVE,0.9914312362670898
356,NEGATIVE,0.9972363114356995
357,NEGATIVE,0.9961861968040466
358,NEGATIVE,0.9861728549003601
359,NEGATIVE,0.9992092847824097
360,NEGATIVE,0.9874817132949829
361,NEGATIVE,0.9981607794761658
362,NEGATIVE,0.9987033605575562
363,NEGATIVE,0.9991685152053833
364,NEGATIVE,0.9976473450660706
365,POSITIVE,0.7470824718475342
366,POSITIVE,0.9626724123954773
367,POSITIVE,0.9996421337127686
368,NEGATIVE,0.9949305653572083
369,NEGATIVE,0.9959909319877625
370,POSITIVE,0.5488751530647278
371,NEGATIVE,0.9972836971282959
372,NEGATIVE,0.9996498823165894
373,NEGATIVE,0.8877352476119995
374,NEGATIVE,0.9994450211524963
375,NEGATIVE,0.9926095604896545
376,POSITIVE,0.9991700649261475
377,POSITIVE,0.9847091436386108
378,NEGATIVE,0.9992952346801758
379,POSITIVE,0.9968870282173157
380,POSITIVE,0.9994039535522461
381,NEGATIVE,0.997134804725647
382,NEGATIVE,0.9986091256141663
383,NEGATIVE,0.9982727766036987
384,NEGATIVE,0.8955284953117371
385,NEGATIVE,0.9978871941566467
386,POSITIVE,0.9787525534629822
387,POSITIVE,0.9760357737541199
388,NEGATIVE,0.9254022836685181
389,NEGATIVE,0.9415500164031982
390,POSITIVE,0.9339930415153503
391,POSITIVE,0.9883742332458496
392,NEGATIVE,0.9977510571479797
393,POSITIVE,0.9998525381088257
394,NEGATIVE,0.9992746710777283
395,POSITIVE,0.9946186542510986
396,POSITIVE,0.9774070978164673
397,NEGATIVE,0.9980913996696472
398,NEGATIVE,0.9957510232925415
399,NEGATIVE,0.998715877532959
400,POSITIVE,0.9326121211051941
401,NEGATIVE,0.5465663075447083
402,NEGATIVE,0.6744772791862488
403,NEGATIVE,0.9387813806533813
404,NEGATIVE,0.6730597615242004
405,NEGATIVE,0.9708479642868042
406,NEGATIVE,0.9919331669807434
407,NEGATIVE,0.9991714954376221
408,POSITIVE,0.9975983500480652
409,NEGATIVE,0.9964964985847473
410,POSITIVE,0.8130919933319092
411,NEGATIVE,0.9933497309684753
412,NEGATIVE,0.9994422793388367
413,NEGATIVE,0.9055777192115784
414,NEGATIVE,0.9952446818351746
415,NEGATIVE,0.9989504814147949
416,NEGATIVE,0.9984219074249268
417,POSITIVE,0.9943700432777405
418,NEGATIVE,0.9965984225273132
419,NEGATIVE,0.9976823329925537
420,POSITIVE,0.9824072122573853
421,NEGATIVE,0.9978852868080139
422,NEGATIVE,0.9974465370178223
423,NEGATIVE,0.9764857292175293
424,NEGATIVE,0.999218225479126
425,POSITIVE,0.9991249442100525
426,NEGATIVE,0.9982941746711731
427,NEGATIVE,0.9863358736038208
428,NEGATIVE,0.9947346448898315
429,POSITIVE,0.9982348680496216
430,POSITIVE,0.9244645833969116
431,POSITIVE,0.950665295124054
432,NEGATIVE,0.9868109822273254
433,NEGATIVE,0.9986854195594788
434,POSITIVE,0.5018548369407654
435,NEGATIVE,0.9656904339790344
436,NEGATIVE,0.9992727637290955
437,NEGATIVE,0.994584858417511
438,NEGATIVE,0.9781684279441833
439,NEGATIVE,0.9978410005569458
440,NEGATIVE,0.9987737536430359
441,POSITIVE,0.923730194568634
442,POSITIVE,0.9956383109092712
443,NEGATIVE,0.9982131719589233
444,POSITIVE,0.9997013211250305
445,POSITIVE,0.9968718886375427
446,NEGATIVE,0.9990791082382202
447,NEGATIVE,0.9945110082626343
448,POSITIVE,0.9977522492408752
449,NEGATIVE,0.5522528290748596
450,POSITIVE,0.9947704672813416
451,NEGATIVE,0.9988331198692322
452,POSITIVE,0.9944309592247009
453,NEGATIVE,0.9987792372703552
454,NEGATIVE,0.8184151649475098
455,POSITIVE,0.9922084212303162
456,NEGATIVE,0.9967284202575684
457,NEGATIVE,0.9778372049331665
458,POSITIVE,0.9950961470603943
459,NEGATIVE,0.99261873960495
460,POSITIVE,0.9984678626060486
461,POSITIVE,0.969456136226654
462,NEGATIVE,0.8414494395256042
463,POSITIVE,0.9953363537788391
464,NEGATIVE,0.970538854598999
465,NEGATIVE,0.9162443280220032
466,POSITIVE,0.9933526515960693
467,NEGATIVE,0.9984362721443176
468,NEGATIVE,0.998009979724884
469,NEGATIVE,0.9877054691314697
470,NEGATIVE,0.9989994168281555
471,NEGATIVE,0.9996916055679321
472,NEGATIVE,0.9975897073745728
473,NEGATIVE,0.9980348944664001
474,NEGATIVE,0.9974518418312073
475,NEGATIVE,0.9985068440437317
476,POSITIVE,0.9956783652305603
477,POSITIVE,0.9987290501594543
478,NEGATIVE,0.9528778791427612
479,NEGATIVE,0.9937937259674072
480,NEGATIVE,0.9991401433944702
481,NEGATIVE,0.9877368211746216
482,NEGATIVE,0.9993411898612976
483,NEGATIVE,0.9908509850502014
484,NEGATIVE,0.9985161423683167
485,POSITIVE,0.5945838689804077
486,NEGATIVE,0.9781457185745239
487,NEGATIVE,0.9991372227668762
488,NEGATIVE,0.9342422485351562
489,NEGATIVE,0.7107042670249939
490,POSITIVE,0.9822998642921448
491,POSITIVE,0.9940424561500549
492,NEGATIVE,0.9995664954185486
493,NEGATIVE,0.9988712668418884
494,NEGATIVE,0.9971816539764404
495,NEGATIVE,0.9964038133621216
496,NEGATIVE,0.9804509878158569
497,NEGATIVE,0.9982795715332031
498,POSITIVE,0.9977793097496033
499,NEGATIVE,0.9955428242683411
500,NEGATIVE,0.9978812336921692
501,POSITIVE,0.9648323059082031
502,NEGATIVE,0.7026593089103699
503,NEGATIVE,0.9969199895858765
504,NEGATIVE,0.9991803765296936
505,NEGATIVE,0.9986440539360046
506,NEGATIVE,0.9226388931274414
507,POSITIVE,0.9584961533546448
508,POSITIVE,0.9932036399841309
509,POSITIVE,0.9775762557983398
510,NEGATIVE,0.9975709319114685
511,NEGATIVE,0.9977340698242188
512,NEGATIVE,0.9971640706062317
513,POSITIVE,0.9984740614891052
514,NEGATIVE,0.9975910186767578
515,NEGATIVE,0.9993383288383484
516,NEGATIVE,0.9959535598754883
517,POSITIVE,0.9959278702735901
518,NEGATIVE,0.9993448853492737
519,NEGATIVE,0.9959093332290649
520,POSITIVE,0.9982447624206543
521,POSITIVE,0.9943283200263977
522,POSITIVE,0.9992953538894653
523,NEGATIVE,0.9833551049232483
524,POSITIVE,0.9970481991767883
525,POSITIVE,0.9953426122665405
526,NEGATIVE,0.9987102746963501
527,POSITIVE,0.9973586201667786
528,POSITIVE,0.9949541687965393
529,NEGATIVE,0.9931349754333496
530,NEGATIVE,0.9996509552001953
531,NEGATIVE,0.9896272420883179
532,NEGATIVE,0.9935061931610107
533,NEGATIVE,0.9827991127967834
534,NEGATIVE,0.9995463490486145
535,NEGATIVE,0.9793311953544617
536,NEGATIVE,0.9997144341468811
537,NEGATIVE,0.6607508063316345
538,POSITIVE,0.9981204867362976
539,NEGATIVE,0.9989871382713318
540,NEGATIVE,0.9734978079795837
541,POSITIVE,0.9871806502342224
542,POSITIVE,0.7711325287818909
543,NEGATIVE,0.9951583743095398
544,NEGATIVE,0.999093770980835
545,POSITIVE,0.9881404638290405
546,NEGATIVE,0.9985394477844238
547,NEGATIVE,0.9994447827339172
548,NEGATIVE,0.9925714135169983
549,NEGATIVE,0.9987413287162781
550,NEGATIVE,0.9981687068939209
551,NEGATIVE,0.6096768379211426
552,NEGATIVE,0.590262770652771
553,NEGATIVE,0.9209851622581482
554,NEGATIVE,0.9991880059242249
555,NEGATIVE,0.9990457892417908
556,NEGATIVE,0.9903377294540405
557,POSITIVE,0.7886945605278015
558,NEGATIVE,0.9985632300376892
559,POSITIVE,0.8793118000030518
560,NEGATIVE,0.944186806678772
561,POSITIVE,0.9548970460891724
562,POSITIVE,0.9919449687004089
563,POSITIVE,0.6366524696350098
564,NEGATIVE,0.9610446691513062
565,NEGATIVE,0.974646270275116
566,NEGATIVE,0.999316930770874
567,NEGATIVE,0.9915313720703125
568,NEGATIVE,0.999575674533844
569,NEGATIVE,0.9989089965820312
570,NEGATIVE,0.9873583316802979
571,NEGATIVE,0.9895233511924744
572,NEGATIVE,0.9769908785820007
573,NEGATIVE,0.8672567009925842
574,NEGATIVE,0.9971291422843933
575,POSITIVE,0.9997182488441467
576,NEGATIVE,0.9987354874610901
577,POSITIVE,0.9955844283103943
578,POSITIVE,0.9993730187416077
579,POSITIVE,0.9621238708496094
580,NEGATIVE,0.996980607509613
581,NEGATIVE,0.9914608001708984
582,NEGATIVE,0.6255046725273132
583,NEGATIVE,0.9988539218902588
584,POSITIVE,0.9692584276199341
585,NEGATIVE,0.991732120513916
586,NEGATIVE,0.9993652701377869
587,NEGATIVE,0.9925143122673035
588,NEGATIVE,0.9992233514785767
589,POSITIVE,0.9923059344291687
590,POSITIVE,0.9975171089172363
591,NEGATIVE,0.9938856959342957
592,NEGATIVE,0.9893110990524292
593,NEGATIVE,0.6745477318763733
594,POSITIVE,0.7203297019004822
595,POSITIVE,0.9838832020759583
596,NEGATIVE,0.9989857077598572
597,POSITIVE,0.9680776596069336
598,NEGATIVE,0.9972192049026489
599,NEGATIVE,0.9734727144241333
600,NEGATIVE,0.9868218898773193
601,NEGATIVE,0.9996281862258911
602,NEGATIVE,0.9991064667701721
603,POSITIVE,0.9860386252403259
604,POSITIVE,0.997217059135437
605,POSITIVE,0.8173331618309021
606,NEGATIVE,0.9837813377380371
607,NEGATIVE,0.9949707984924316
608,POSITIVE,0.8341066241264343
609,NEGATIVE,0.9969745874404907
610,NEGATIVE,0.9905085563659668
611,POSITIVE,0.9995691180229187
612,NEGATIVE,0.996758759021759
613,POSITIVE,0.9991545677185059
614,NEGATIVE,0.9855351448059082
615,NEGATIVE,0.6257795095443726
616,NEGATIVE,0.9804249405860901
617,NEGATIVE,0.9882606267929077
618,NEGATIVE,0.9947434663772583
619,NEGATIVE,0.9979390501976013
620,NEGATIVE,0.99969482421875
621,POSITIVE,0.9826922416687012
622,NEGATIVE,0.9873773455619812
623,POSITIVE,0.995053231716156
624,POSITIVE,0.8301199674606323
625,POSITIVE,0.9878067374229431
626,NEGATIVE,0.9995162487030029
627,NEGATIVE,0.9890356659889221
628,NEGATIVE,0.9710846543312073
629,POSITIVE,0.9961206316947937
630,NEGATIVE,0.9959548711776733
631,NEGATIVE,0.8322845697402954
632,POSITIVE,0.9976462721824646
633,POSITIVE,0.9562795758247375
634,NEGATIVE,0.995674192905426
635,POSITIVE,0.7515188455581665
636,NEGATIVE,0.9985041618347168
637,NEGATIVE,0.9907765984535217
638,NEGATIVE,0.999416708946228
639,POSITIVE,0.7149162888526917
640,NEGATIVE,0.9987426400184631
641,POSITIVE,0.6885176301002502
642,NEGATIVE,0.8715540766716003
643,NEGATIVE,0.747772753238678
644,NEGATIVE,0.9973114728927612
645,NEGATIVE,0.9992345571517944
646,NEGATIVE,0.9558055996894836
647,NEGATIVE,0.9885269403457642
648,POSITIVE,0.9924622774124146
649,NEGATIVE,0.9931662678718567
650,NEGATIVE,0.9988911747932434
651,POSITIVE,0.9262024164199829
652,NEGATIVE,0.9955444931983948
653,POSITIVE,0.9603284001350403
654,NEGATIVE,0.9996236562728882
655,NEGATIVE,0.9942829608917236
656,POSITIVE,0.8482057452201843
657,NEGATIVE,0.9914708733558655
658,POSITIVE,0.9862436652183533
659,NEGATIVE,0.998175859451294
660,NEGATIVE,0.9976744055747986
661,NEGATIVE,0.9250360727310181
662,NEGATIVE,0.998129665851593
663,NEGATIVE,0.9960423707962036
664,NEGATIVE,0.996785044670105
665,NEGATIVE,0.99934321641922
666,POSITIVE,0.9967490434646606
667,POSITIVE,0.9749777317047119
668,NEGATIVE,0.9989801049232483
669,POSITIVE,0.9965865612030029
670,NEGATIVE,0.9993274211883545
671,NEGATIVE,0.9962403774261475
672,NEGATIVE,0.9983741044998169
673,NEGATIVE,0.9944370985031128
674,NEGATIVE,0.9713863730430603
675,NEGATIVE,0.9635219573974609
676,NEGATIVE,0.9953346848487854
677,POSITIVE,0.8928699493408203
678,NEGATIVE,0.9967013001441956
679,NEGATIVE,0.997766375541687
680,NEGATIVE,0.998829185962677
681,POSITIVE,0.9635090231895447
682,NEGATIVE,0.9989585876464844
683,NEGATIVE,0.5948253273963928
684,NEGATIVE,0.9756597280502319
685,POSITIVE,0.996660590171814
686,POSITIVE,0.81409752368927
687,NEGATIVE,0.9993233680725098
688,NEGATIVE,0.9979897737503052
689,NEGATIVE,0.9987683892250061
690,POSITIVE,0.9923783540725708
691,NEGATIVE,0.9988502264022827
692,NEGATIVE,0.9316964149475098
693,NEGATIVE,0.5633832216262817
694,NEGATIVE,0.9949041604995728
695,NEGATIVE,0.9810304641723633
696,NEGATIVE,0.997439980506897
697,NEGATIVE,0.9994603991508484
698,POSITIVE,0.999854326248169
699,NEGATIVE,0.9843403100967407
700,NEGATIVE,0.996826708316803
701,POSITIVE,0.9975953698158264
702,POSITIVE,0.9980091452598572
703,NEGATIVE,0.995947539806366
704,NEGATIVE,0.9070996642112732
705,POSITIVE,0.6598436832427979
706,NEGATIVE,0.996437668800354
707,POSITIVE,0.9104150533676147
708,NEGATIVE,0.9994768500328064
709,NEGATIVE,0.999723494052887
710,NEGATIVE,0.9203739166259766
711,NEGATIVE,0.999477207660675
712,POSITIVE,0.5010132789611816
713,NEGATIVE,0.9713517427444458
714,POSITIVE,0.9988755583763123
715,NEGATIVE,0.940785825252533
716,POSITIVE,0.9990212917327881
717,NEGATIVE,0.9981581568717957
718,NEGATIVE,0.9931102991104126
719,POSITIVE,0.9975536465644836
720,NEGATIVE,0.9995519518852234
721,POSITIVE,0.9649834632873535
722,POSITIVE,0.7247909903526306
723,NEGATIVE,0.9883610606193542
724,NEGATIVE,0.9994903802871704
725,NEGATIVE,0.9475648999214172
726,NEGATIVE,0.9676517844200134
727,POSITIVE,0.9988062381744385
728,NEGATIVE,0.9968838095664978
729,POSITIVE,0.9942375421524048
730,POSITIVE,0.7792335152626038
731,NEGATIVE,0.9995430707931519
732,NEGATIVE,0.9991552829742432
733,NEGATIVE,0.9996009469032288
734,POSITIVE,0.9870206117630005
735,POSITIVE,0.6415978670120239
736,NEGATIVE,0.9909788370132446
737,POSITIVE,0.9997451901435852
738,NEGATIVE,0.9922713041305542
739,NEGATIVE,0.9967971444129944
740,POSITIVE,0.9989079236984253
741,POSITIVE,0.8792978525161743
742,NEGATIVE,0.9937953948974609
743,NEGATIVE,0.9843612909317017
744,POSITIVE,0.665368378162384
745,NEGATIVE,0.9990471005439758
746,NEGATIVE,0.9997084736824036
747,NEGATIVE,0.9983001351356506
748,NEGATIVE,0.9981043338775635
749,NEGATIVE,0.9995909333229065
750,NEGATIVE,0.9993621706962585
751,NEGATIVE,0.991688072681427
752,POSITIVE,0.9958899617195129
753,NEGATIVE,0.988018274307251
754,NEGATIVE,0.9971578121185303
755,NEGATIVE,0.9984866380691528
756,NEGATIVE,0.500396192073822
757,NEGATIVE,0.9942159056663513
758,NEGATIVE,0.8848555088043213
759,POSITIVE,0.9927428960800171
760,NEGATIVE,0.9952332377433777
761,NEGATIVE,0.647373616695404
762,NEGATIVE,0.9985449314117432
763,NEGATIVE,0.9997674822807312
764,NEGATIVE,0.9986274242401123
765,NEGATIVE,0.9989759922027588
766,NEGATIVE,0.9976691603660583
767,POSITIVE,0.9971349239349365
768,NEGATIVE,0.9990851879119873
769,NEGATIVE,0.9929828643798828
770,NEGATIVE,0.995341420173645
771,NEGATIVE,0.7042790055274963
772,POSITIVE,0.989004909992218
773,NEGATIVE,0.9915298223495483
774,NEGATIVE,0.9979333877563477
775,NEGATIVE,0.9960274696350098
776,NEGATIVE,0.9979534149169922
777,NEGATIVE,0.9981057643890381
778,NEGATIVE,0.9993174076080322
779,POSITIVE,0.9994090795516968
780,NEGATIVE,0.9968854784965515
781,NEGATIVE,0.9962778687477112
782,POSITIVE,0.9535595178604126
783,POSITIVE,0.9423666596412659
784,NEGATIVE,0.9973074197769165
785,NEGATIVE,0.9957764744758606
786,NEGATIVE,0.9993199110031128
787,NEGATIVE,0.998960018157959
788,POSITIVE,0.9710063338279724
789,NEGATIVE,0.9981843829154968
790,NEGATIVE,0.9988594055175781
791,NEGATIVE,0.7621708512306213
792,POSITIVE,0.5319815278053284
793,POSITIVE,0.9275080561637878
794,POSITIVE,0.6666510105133057
795,POSITIVE,0.9989385008811951
796,POSITIVE,0.9951834082603455
797,POSITIVE,0.9995323419570923
798,POSITIVE,0.9968470931053162
799,NEGATIVE,0.9973408579826355
800,NEGATIVE,0.6859639883041382
801,NEGATIVE,0.9996929168701172
802,POSITIVE,0.8877939581871033
803,NEGATIVE,0.9888590574264526
804,NEGATIVE,0.9921572208404541
805,NEGATIVE,0.9969946146011353
806,NEGATIVE,0.9970953464508057
807,NEGATIVE,0.9952765703201294
808,NEGATIVE,0.9787555932998657
809,POSITIVE,0.9959450364112854
810,POSITIVE,0.999573290348053
811,NEGATIVE,0.754146933555603
812,NEGATIVE,0.9701096415519714
813,NEGATIVE,0.9826633930206299
814,NEGATIVE,0.9997323155403137
815,NEGATIVE,0.8986948132514954
816,POSITIVE,0.9343031644821167
817,POSITIVE,0.8814628720283508
818,NEGATIVE,0.9911594986915588
819,NEGATIVE,0.9846948981285095
820,NEGATIVE,0.9984228610992432
821,NEGATIVE,0.997147262096405
822,NEGATIVE,0.9985954165458679
823,NEGATIVE,0.9978887438774109
824,NEGATIVE,0.9629474878311157
825,NEGATIVE,0.9876480102539062
826,NEGATIVE,0.9930417537689209
827,NEGATIVE,0.9924275279045105
828,NEGATIVE,0.9566126465797424
829,NEGATIVE,0.8530311584472656
830,NEGATIVE,0.9916470050811768
831,POSITIVE,0.9928051829338074
832,NEGATIVE,0.9994064569473267
833,NEGATIVE,0.9989019632339478
834,NEGATIVE,0.9979231953620911
835,NEGATIVE,0.9943938255310059
836,NEGATIVE,0.8193258047103882
837,NEGATIVE,0.9994753003120422
838,NEGATIVE,0.994355320930481
839,NEGATIVE,0.9955617189407349
840,NEGATIVE,0.9829545617103577
841,NEGATIVE,0.978892982006073
842,POSITIVE,0.8902226686477661
843,NEGATIVE,0.7641766667366028
844,NEGATIVE,0.7115662693977356
845,NEGATIVE,0.8529812097549438
846,NEGATIVE,0.9946225881576538
847,NEGATIVE,0.9975676536560059
848,NEGATIVE,0.9853339195251465
849,NEGATIVE,0.9936823844909668
850,NEGATIVE,0.9973902106285095
851,NEGATIVE,0.9894875288009644
852,NEGATIVE,0.8891123533248901
853,POSITIVE,0.8596946597099304
854,NEGATIVE,0.9214283227920532
855,NEGATIVE,0.9972586631774902
856,NEGATIVE,0.9991938471794128
857,NEGATIVE,0.7051361203193665
858,NEGATIVE,0.9996436834335327
859,POSITIVE,0.9793909788131714
860,POSITIVE,0.9917016625404358
861,NEGATIVE,0.9882778525352478
862,NEGATIVE,0.9979071617126465
863,NEGATIVE,0.9782408475875854
864,NEGATIVE,0.9997001886367798
865,POSITIVE,0.9858609437942505
866,NEGATIVE,0.999461829662323
867,NEGATIVE,0.999222993850708
868,NEGATIVE,0.9969417452812195
869,NEGATIVE,0.9946094751358032
870,POSITIVE,0.999221682548523
871,POSITIVE,0.9990097284317017
872,POSITIVE,0.9977153539657593
873,NEGATIVE,0.9994046688079834
874,NEGATIVE,0.9831779599189758
875,NEGATIVE,0.9975829124450684
876,NEGATIVE,0.9661648869514465
877,NEGATIVE,0.9994248151779175
878,NEGATIVE,0.9979962110519409
879,NEGATIVE,0.9958332180976868
880,NEGATIVE,0.9983256459236145
881,NEGATIVE,0.9962737560272217
882,NEGATIVE,0.9995726943016052
883,NEGATIVE,0.9979538917541504
884,NEGATIVE,0.9955534338951111
885,NEGATIVE,0.9979495406150818
886,NEGATIVE,0.9969468712806702
887,POSITIVE,0.8715770244598389
888,POSITIVE,0.9975346326828003
889,NEGATIVE,0.9894790053367615
890,NEGATIVE,0.998389720916748
891,POSITIVE,0.798284113407135
892,POSITIVE,0.8525843620300293
893,NEGATIVE,0.9984116554260254
894,POSITIVE,0.9908851981163025
895,NEGATIVE,0.9989091157913208
896,NEGATIVE,0.9950131773948669
897,NEGATIVE,0.982441246509552
898,NEGATIVE,0.6358714699745178
899,NEGATIVE,0.9992398023605347
900,NEGATIVE,0.9826348423957825
901,NEGATIVE,0.9971747398376465
902,NEGATIVE,0.9946075081825256
903,NEGATIVE,0.9940586090087891
904,NEGATIVE,0.9994922876358032
905,POSITIVE,0.9817662835121155
906,NEGATIVE,0.9976455569267273
907,NEGATIVE,0.9996055960655212
908,POSITIVE,0.9965721368789673
909,NEGATIVE,0.9987572431564331
910,POSITIVE,0.9832538962364197
911,NEGATIVE,0.9976174235343933
912,NEGATIVE,0.9995120763778687
913,NEGATIVE,0.9867978692054749
914,NEGATIVE,0.9606403112411499
915,NEGATIVE,0.9925572872161865
916,NEGATIVE,0.9989103078842163
917,POSITIVE,0.9987925291061401
918,POSITIVE,0.8275130987167358
919,NEGATIVE,0.9993820190429688
920,NEGATIVE,0.9548251628875732
921,NEGATIVE,0.998231828212738
922,POSITIVE,0.9753587245941162
923,NEGATIVE,0.8072178363800049
924,NEGATIVE,0.77546626329422
925,NEGATIVE,0.9963877201080322
926,NEGATIVE,0.9079433083534241
927,POSITIVE,0.9958856701850891
928,NEGATIVE,0.9965621829032898
929,NEGATIVE,0.9903113842010498
930,NEGATIVE,0.9951469302177429
931,POSITIVE,0.8458090424537659
932,NEGATIVE,0.9957850575447083
933,NEGATIVE,0.9955518841743469
934,NEGATIVE,0.9935798645019531
935,NEGATIVE,0.6082219481468201
936,NEGATIVE,0.9985718727111816
937,NEGATIVE,0.9985185265541077
938,NEGATIVE,0.9932757616043091
939,NEGATIVE,0.9948545694351196
940,NEGATIVE,0.9867488145828247
941,NEGATIVE,0.9989222288131714
942,POSITIVE,0.9927271604537964
943,NEGATIVE,0.9963675737380981
944,NEGATIVE,0.9978523254394531
945,POSITIVE,0.8143541216850281
946,NEGATIVE,0.9933898448944092
947,NEGATIVE,0.9997069239616394
948,NEGATIVE,0.9995552897453308
949,NEGATIVE,0.9958771467208862
950,NEGATIVE,0.9992881417274475
951,NEGATIVE,0.9635706543922424
952,POSITIVE,0.9931701421737671
953,NEGATIVE,0.9990713596343994
954,NEGATIVE,0.9960092306137085
955,POSITIVE,0.9994915723800659
956,NEGATIVE,0.9987058639526367
957,NEGATIVE,0.9906489253044128
958,NEGATIVE,0.9729136228561401
959,NEGATIVE,0.9968441724777222
960,POSITIVE,0.9843472242355347
961,NEGATIVE,0.9990146160125732
962,NEGATIVE,0.9971900582313538
963,NEGATIVE,0.7031025290489197
964,POSITIVE,0.9987200498580933
965,POSITIVE,0.9998774528503418
966,NEGATIVE,0.9904676079750061
967,NEGATIVE,0.9960678815841675
968,POSITIVE,0.9967344403266907
969,NEGATIVE,0.7460180521011353
970,NEGATIVE,0.9776633977890015
971,NEGATIVE,0.9996111989021301
972,POSITIVE,0.994670569896698
973,NEGATIVE,0.998762845993042
974,NEGATIVE,0.8792768716812134
975,NEGATIVE,0.9899771213531494
976,POSITIVE,0.9931364059448242
977,POSITIVE,0.986553966999054
978,NEGATIVE,0.9967877864837646
979,POSITIVE,0.992180347442627
980,NEGATIVE,0.992517352104187
981,NEGATIVE,0.9974517226219177
982,NEGATIVE,0.9821258783340454
983,NEGATIVE,0.998806357383728
984,NEGATIVE,0.9605614542961121
985,NEGATIVE,0.9897522926330566
986,NEGATIVE,0.99949049949646
987,POSITIVE,0.9450863003730774
988,POSITIVE,0.5818051695823669
989,POSITIVE,0.9037494659423828
990,POSITIVE,0.995281994342804
991,NEGATIVE,0.999370276927948
992,NEGATIVE,0.9864631295204163
993,NEGATIVE,0.9860711693763733
994,NEGATIVE,0.9896841049194336
995,POSITIVE,0.9988340735435486
996,NEGATIVE,0.998722493648529
997,NEGATIVE,0.9997527003288269
998,NEGATIVE,0.996428906917572
999,NEGATIVE,0.9935213923454285
1000,NEGATIVE,0.5333184003829956
1001,POSITIVE,0.8383569717407227
1002,NEGATIVE,0.9981828331947327
1003,NEGATIVE,0.9091825485229492
1004,NEGATIVE,0.9953250885009766
1005,NEGATIVE,0.9953027963638306
1006,POSITIVE,0.9958154559135437
1007,POSITIVE,0.9899722337722778
1008,POSITIVE,0.9969434142112732
1009,NEGATIVE,0.8554359674453735
1010,NEGATIVE,0.999119222164154
1011,POSITIVE,0.9676030874252319
1012,POSITIVE,0.9998130202293396
1013,NEGATIVE,0.9966188669204712
1014,POSITIVE,0.9168176054954529
1015,NEGATIVE,0.9966313242912292
1016,NEGATIVE,0.9964704513549805
1017,POSITIVE,0.9939975738525391
1018,NEGATIVE,0.9948539137840271
1019,NEGATIVE,0.9997619986534119
1020,NEGATIVE,0.9931714534759521
1021,NEGATIVE,0.9953230023384094
1022,NEGATIVE,0.996651828289032
1023,POSITIVE,0.8591200709342957
1024,NEGATIVE,0.9994052648544312
1025,NEGATIVE,0.9831924438476562
1026,NEGATIVE,0.5127208232879639
1027,NEGATIVE,0.9950580596923828
1028,NEGATIVE,0.9481305480003357
1029,NEGATIVE,0.9846739768981934
1030,NEGATIVE,0.9940027594566345
1031,POSITIVE,0.969407856464386
1032,NEGATIVE,0.9686746597290039
1033,NEGATIVE,0.9977596998214722
1034,POSITIVE,0.9985860586166382
1035,NEGATIVE,0.9943080544471741
1036,POSITIVE,0.9996700286865234
1037,NEGATIVE,0.9853459596633911
1038,POSITIVE,0.9990334510803223
1039,NEGATIVE,0.9490612149238586
1040,NEGATIVE,0.979371190071106
1041,POSITIVE,0.8803853988647461
1042,NEGATIVE,0.9885707497596741
1043,POSITIVE,0.9959622025489807
1044,NEGATIVE,0.9942123293876648
1045,POSITIVE,0.5584766864776611
1046,POSITIVE,0.9983590245246887
1047,NEGATIVE,0.9988665580749512
1048,POSITIVE,0.9952196478843689
1049,POSITIVE,0.5525723099708557
1050,POSITIVE,0.9981586337089539
1051,POSITIVE,0.9815141558647156
1052,NEGATIVE,0.8688383102416992
1053,NEGATIVE,0.9979006052017212
1054,NEGATIVE,0.9986088871955872
1055,POSITIVE,0.5511067509651184
1056,NEGATIVE,0.9992062449455261
1057,POSITIVE,0.9443082809448242
1058,POSITIVE,0.9964779019355774
1059,NEGATIVE,0.9995028972625732
1060,NEGATIVE,0.9928325414657593
1061,POSITIVE,0.9885968565940857
1062,POSITIVE,0.9991759657859802
1063,POSITIVE,0.9987634420394897
1064,POSITIVE,0.9918352365493774
1065,NEGATIVE,0.9985209107398987
1066,NEGATIVE,0.9994423985481262
1067,NEGATIVE,0.9863748550415039
1068,POSITIVE,0.9991477727890015
1069,NEGATIVE,0.9991652965545654
1070,NEGATIVE,0.9895177483558655
1071,POSITIVE,0.9947850108146667
1072,NEGATIVE,0.9918467998504639
1073,NEGATIVE,0.9952652454376221
1074,NEGATIVE,0.9978610873222351
1075,NEGATIVE,0.9915444850921631
1076,NEGATIVE,0.7755551338195801
1077,NEGATIVE,0.9962438344955444
1078,NEGATIVE,0.9952549934387207
1079,NEGATIVE,0.9976930022239685
1080,NEGATIVE,0.9985663294792175
1081,NEGATIVE,0.7090189456939697
1082,NEGATIVE,0.9992140531539917
1083,NEGATIVE,0.9982788562774658
1084,NEGATIVE,0.5512831807136536
1085,POSITIVE,0.9858554005622864
1086,NEGATIVE,0.9994367957115173
1087,NEGATIVE,0.8761630654335022
1088,NEGATIVE,0.9969262480735779
1089,NEGATIVE,0.9969315528869629
1090,NEGATIVE,0.9930176734924316
1091,NEGATIVE,0.9965735673904419
1092,POSITIVE,0.993613064289093
1093,NEGATIVE,0.9989058971405029
1094,NEGATIVE,0.9980155229568481
1095,NEGATIVE,0.9841049313545227
1096,POSITIVE,0.9736150503158569
1097,POSITIVE,0.8357751369476318
1098,NEGATIVE,0.9922531247138977
1099,NEGATIVE,0.9979891777038574
1100,NEGATIVE,0.997538685798645
1101,NEGATIVE,0.9988947510719299
1102,NEGATIVE,0.9954953193664551
1103,POSITIVE,0.8562026023864746
1104,NEGATIVE,0.9996160268783569
1105,NEGATIVE,0.9958167672157288
1106,NEGATIVE,0.973894476890564
1107,NEGATIVE,0.986091673374176
1108,POSITIVE,0.998849630355835
1109,NEGATIVE,0.9985760450363159
1110,NEGATIVE,0.8795319199562073
1111,NEGATIVE,0.7917605638504028
1112,NEGATIVE,0.9818391799926758
1113,NEGATIVE,0.9887935519218445
1114,NEGATIVE,0.9996125102043152
1115,NEGATIVE,0.999539852142334
1116,NEGATIVE,0.9979273080825806
1117,POSITIVE,0.801741361618042
1118,NEGATIVE,0.9937604069709778
1119,NEGATIVE,0.997969925403595
1120,POSITIVE,0.9982089996337891
1121,NEGATIVE,0.5755500793457031
1122,NEGATIVE,0.9517162442207336
1123,NEGATIVE,0.9987099170684814
1124,NEGATIVE,0.999631404876709
1125,NEGATIVE,0.9941768646240234
1126,NEGATIVE,0.9973340034484863
1127,NEGATIVE,0.9976555109024048
1128,NEGATIVE,0.8362041115760803
1129,POSITIVE,0.9929230213165283
1130,NEGATIVE,0.9957305788993835
1131,NEGATIVE,0.9990944862365723
1132,NEGATIVE,0.9936991930007935
1133,POSITIVE,0.9975298047065735
1134,NEGATIVE,0.883142352104187
1135,NEGATIVE,0.9993337988853455
1136,NEGATIVE,0.9968875050544739
1137,NEGATIVE,0.9963387250900269
1138,NEGATIVE,0.9744934439659119
1139,NEGATIVE,0.9980629086494446
1140,NEGATIVE,0.9982106685638428
1141,NEGATIVE,0.9194157719612122
1142,POSITIVE,0.9210157990455627
1143,POSITIVE,0.9944926500320435
1144,POSITIVE,0.9415214657783508
1145,POSITIVE,0.9995960593223572
1146,NEGATIVE,0.9968029260635376
1147,POSITIVE,0.9697778820991516
1148,NEGATIVE,0.9994550347328186
1149,POSITIVE,0.9910408854484558
1150,NEGATIVE,0.9991105198860168
1151,NEGATIVE,0.9933253526687622
1152,NEGATIVE,0.9991687536239624
1153,NEGATIVE,0.9994522929191589
1154,NEGATIVE,0.944058895111084
1155,POSITIVE,0.7485485672950745
1156,NEGATIVE,0.9981038570404053
1157,NEGATIVE,0.9670170545578003
1158,NEGATIVE,0.8687343001365662
1159,NEGATIVE,0.9988651275634766
1160,NEGATIVE,0.9976418018341064
1161,NEGATIVE,0.9995021820068359
1162,NEGATIVE,0.9991505146026611
1163,POSITIVE,0.5521621704101562
1164,NEGATIVE,0.99860018491745
1165,NEGATIVE,0.992731511592865
1166,POSITIVE,0.9945494532585144
1167,POSITIVE,0.9968306422233582
1168,POSITIVE,0.9973824620246887
1169,POSITIVE,0.9978273510932922
1170,POSITIVE,0.5358183979988098
1171,POSITIVE,0.9923243522644043
1172,NEGATIVE,0.6845660209655762
1173,NEGATIVE,0.9994828701019287
1174,POSITIVE,0.975492000579834
1175,NEGATIVE,0.9863479137420654
1176,NEGATIVE,0.9920310974121094
1177,NEGATIVE,0.9920310974121094
1178,NEGATIVE,0.9989566802978516
1179,POSITIVE,0.9978072047233582
1180,NEGATIVE,0.9867241978645325
1181,POSITIVE,0.9992140531539917
1182,NEGATIVE,0.9839296340942383
1183,NEGATIVE,0.9984437823295593
1184,NEGATIVE,0.9421038031578064
1185,NEGATIVE,0.9927343130111694
1186,NEGATIVE,0.9943418502807617
1187,NEGATIVE,0.7609381675720215
1188,NEGATIVE,0.9989676475524902
1189,NEGATIVE,0.9931229948997498
1190,NEGATIVE,0.9984663724899292
1191,NEGATIVE,0.9928355813026428
1192,NEGATIVE,0.9976710677146912
1193,NEGATIVE,0.9985910058021545
1194,NEGATIVE,0.991355836391449
1195,NEGATIVE,0.9960475564002991
1196,NEGATIVE,0.9976141452789307
1197,NEGATIVE,0.9989412426948547
1198,NEGATIVE,0.9990490078926086
1199,NEGATIVE,0.7776618599891663
1200,NEGATIVE,0.9952136278152466
1201,POSITIVE,0.7144634127616882
1202,NEGATIVE,0.9960460066795349
1203,NEGATIVE,0.9538987874984741
1204,NEGATIVE,0.9980637431144714
1205,NEGATIVE,0.9919639825820923
1206,NEGATIVE,0.6409019231796265
1207,POSITIVE,0.99704509973526
1208,POSITIVE,0.9874500036239624
1209,POSITIVE,0.9982275366783142
1210,POSITIVE,0.8958271741867065
1211,POSITIVE,0.7010526657104492
1212,NEGATIVE,0.9955938458442688
1213,NEGATIVE,0.9965639710426331
1214,NEGATIVE,0.9965417981147766
1215,NEGATIVE,0.9891784191131592
1216,NEGATIVE,0.8422379493713379
1217,NEGATIVE,0.9907517433166504
1218,NEGATIVE,0.997616171836853
1219,POSITIVE,0.6983439922332764
1220,POSITIVE,0.566726565361023
1221,NEGATIVE,0.9833963513374329
1222,POSITIVE,0.9213700294494629
1223,NEGATIVE,0.9976443648338318
1224,NEGATIVE,0.9997230172157288
1225,NEGATIVE,0.998468816280365
1226,NEGATIVE,0.9951430559158325
1227,NEGATIVE,0.9964800477027893
1228,NEGATIVE,0.9961263537406921
1229,NEGATIVE,0.9949803948402405
1230,NEGATIVE,0.9907598495483398
1231,NEGATIVE,0.9994813799858093
1232,NEGATIVE,0.987606942653656
1233,NEGATIVE,0.992438018321991
1234,POSITIVE,0.9960197806358337
1235,NEGATIVE,0.9894431829452515
1236,NEGATIVE,0.9867278933525085
1237,NEGATIVE,0.8451935648918152
1238,POSITIVE,0.5530021786689758
1239,NEGATIVE,0.9967154264450073
1240,NEGATIVE,0.9919374585151672
1241,NEGATIVE,0.9972946047782898
1242,NEGATIVE,0.9992349147796631
1243,NEGATIVE,0.9949914813041687
1244,NEGATIVE,0.9987925291061401
1245,NEGATIVE,0.9981271624565125
1246,NEGATIVE,0.9909378290176392
1247,NEGATIVE,0.9970755577087402
1248,NEGATIVE,0.5565010905265808
1249,NEGATIVE,0.9992122650146484
1250,NEGATIVE,0.9965546131134033
1251,POSITIVE,0.9533791542053223
1252,NEGATIVE,0.5353053212165833
1253,POSITIVE,0.998994767665863
1254,NEGATIVE,0.931762158870697
1255,NEGATIVE,0.9978818297386169
1256,POSITIVE,0.7292754054069519
1257,POSITIVE,0.7548993825912476
1258,NEGATIVE,0.9991681575775146
1259,NEGATIVE,0.9967980980873108
1260,POSITIVE,0.9993686079978943
1261,NEGATIVE,0.9992209672927856
1262,POSITIVE,0.9721865653991699
1263,NEGATIVE,0.9982860684394836
1264,NEGATIVE,0.9993380904197693
1265,POSITIVE,0.999642014503479
1266,NEGATIVE,0.8530791401863098
1267,NEGATIVE,0.9996243715286255
1268,NEGATIVE,0.9951346516609192
1269,NEGATIVE,0.9925686717033386
1270,NEGATIVE,0.9840515851974487
1271,NEGATIVE,0.9957024455070496
1272,NEGATIVE,0.9891089200973511
1273,NEGATIVE,0.9918996095657349
1274,NEGATIVE,0.9983695149421692
1275,NEGATIVE,0.996573805809021
1276,NEGATIVE,0.9992043375968933
1277,NEGATIVE,0.9971942901611328
1278,NEGATIVE,0.9996135830879211
1279,POSITIVE,0.9938129186630249
1280,NEGATIVE,0.99639892578125
1281,NEGATIVE,0.999692440032959
1282,NEGATIVE,0.9910401701927185
1283,POSITIVE,0.9986609220504761
1284,POSITIVE,0.8846435546875
1285,POSITIVE,0.9992364645004272
1286,NEGATIVE,0.9985097050666809
1287,NEGATIVE,0.9984398484230042
1288,NEGATIVE,0.9991581439971924
1289,NEGATIVE,0.9995439648628235
1290,NEGATIVE,0.9746034741401672
1291,NEGATIVE,0.9863726496696472
1292,NEGATIVE,0.997753918170929
1293,POSITIVE,0.8707705140113831
1294,NEGATIVE,0.999575674533844
1295,POSITIVE,0.7172322273254395
1296,NEGATIVE,0.998480498790741
1297,NEGATIVE,0.9979429841041565
1298,POSITIVE,0.9997519850730896
1299,NEGATIVE,0.996239423751831
1300,NEGATIVE,0.9898790121078491
1301,NEGATIVE,0.9933884143829346
1302,NEGATIVE,0.9993625283241272
1303,POSITIVE,0.6211357712745667
1304,NEGATIVE,0.9993836879730225
1305,NEGATIVE,0.9965435862541199
1306,NEGATIVE,0.9887316823005676
1307,NEGATIVE,0.8856196403503418
1308,NEGATIVE,0.9938433170318604
1309,NEGATIVE,0.5434674620628357
1310,NEGATIVE,0.9992218017578125
1311,NEGATIVE,0.9987403750419617
1312,NEGATIVE,0.9989270567893982
1313,NEGATIVE,0.8758624792098999
1314,NEGATIVE,0.9979963898658752
1315,NEGATIVE,0.9996376037597656
1316,NEGATIVE,0.9989282488822937
1317,POSITIVE,0.9968795776367188
1318,NEGATIVE,0.9902335405349731
1319,NEGATIVE,0.9964476823806763
1320,POSITIVE,0.9984214305877686
1321,NEGATIVE,0.9920107126235962
1322,NEGATIVE,0.992363691329956
1323,NEGATIVE,0.9967449903488159
1324,NEGATIVE,0.7454458475112915
1325,NEGATIVE,0.997104823589325
1326,POSITIVE,0.960331916809082
1327,NEGATIVE,0.9967271089553833
1328,NEGATIVE,0.9602688550949097
1329,NEGATIVE,0.9891617298126221
1330,NEGATIVE,0.9982153177261353
1331,NEGATIVE,0.9958951473236084
1332,NEGATIVE,0.9315773248672485
1333,POSITIVE,0.9959379434585571
1334,POSITIVE,0.9991269707679749
1335,NEGATIVE,0.9932929277420044
1336,NEGATIVE,0.9781396985054016
1337,NEGATIVE,0.9981598258018494
1338,NEGATIVE,0.9833070039749146
1339,NEGATIVE,0.9882291555404663
1340,NEGATIVE,0.9851934313774109
1341,POSITIVE,0.9976997971534729
1342,POSITIVE,0.9052189588546753
1343,NEGATIVE,0.9993709921836853
1344,NEGATIVE,0.999047577381134
1345,NEGATIVE,0.9923694133758545
1346,NEGATIVE,0.9992062449455261
1347,NEGATIVE,0.9834301471710205
1348,NEGATIVE,0.9895448088645935
1349,POSITIVE,0.9993160963058472
1350,NEGATIVE,0.9645093679428101
1351,NEGATIVE,0.9812140464782715
1352,POSITIVE,0.998357355594635
1353,NEGATIVE,0.9968050718307495
1354,POSITIVE,0.8440065979957581
1355,POSITIVE,0.9664239287376404
1356,NEGATIVE,0.8972917199134827
1357,NEGATIVE,0.9930667877197266
1358,POSITIVE,0.7131058573722839
1359,NEGATIVE,0.9996421337127686
1360,POSITIVE,0.9971128702163696
1361,NEGATIVE,0.9993643164634705
1362,NEGATIVE,0.9980701804161072
1363,NEGATIVE,0.998498797416687
1364,NEGATIVE,0.9830256104469299
1365,NEGATIVE,0.9930984377861023
1366,NEGATIVE,0.965144693851471
1367,NEGATIVE,0.9997733235359192
1368,POSITIVE,0.9937095642089844
1369,NEGATIVE,0.9997492432594299
1370,NEGATIVE,0.9950321912765503
1371,NEGATIVE,0.9952387809753418
1372,NEGATIVE,0.9991632699966431
1373,POSITIVE,0.6131382584571838
1374,NEGATIVE,0.9992907047271729
1375,NEGATIVE,0.9974057078361511
1376,POSITIVE,0.9994860887527466
1377,POSITIVE,0.7846361398696899
1378,POSITIVE,0.9934839606285095
1379,NEGATIVE,0.9850956797599792
1380,NEGATIVE,0.9809138178825378
1381,POSITIVE,0.9862114191055298
1382,NEGATIVE,0.9988184571266174
1383,NEGATIVE,0.9957524538040161
1384,NEGATIVE,0.993057370185852
1385,NEGATIVE,0.9751001596450806
1386,NEGATIVE,0.989051103591919
1387,NEGATIVE,0.9509786367416382
1388,NEGATIVE,0.9968840479850769
1389,NEGATIVE,0.9817835688591003
1390,POSITIVE,0.9893152713775635
1391,POSITIVE,0.9983034133911133
1392,NEGATIVE,0.8413069248199463
1393,POSITIVE,0.8682025671005249
1394,NEGATIVE,0.9878723621368408
1395,NEGATIVE,0.9992855191230774
1396,NEGATIVE,0.9966918230056763
1397,POSITIVE,0.9970876574516296
1398,NEGATIVE,0.9983454942703247
1399,NEGATIVE,0.9982744455337524
1400,NEGATIVE,0.9937422871589661
1401,NEGATIVE,0.889563798904419
1402,NEGATIVE,0.9936383366584778
1403,NEGATIVE,0.996904194355011
1404,POSITIVE,0.9852533936500549
1405,NEGATIVE,0.9997288584709167
1406,NEGATIVE,0.9994004964828491
1407,NEGATIVE,0.997963547706604
1408,POSITIVE,0.99898761510849
1409,NEGATIVE,0.8755618929862976
1410,NEGATIVE,0.8085458278656006
1411,POSITIVE,0.9024756550788879
1412,NEGATIVE,0.9993500113487244
1413,POSITIVE,0.9990919828414917
1414,NEGATIVE,0.9995108842849731
1415,NEGATIVE,0.9978165626525879
1416,NEGATIVE,0.9996621608734131
1417,NEGATIVE,0.9505935907363892
1418,NEGATIVE,0.9987823367118835
1419,NEGATIVE,0.9973217844963074
1420,NEGATIVE,0.9990137815475464
1421,POSITIVE,0.9989373087882996
1422,NEGATIVE,0.9908477067947388
1423,NEGATIVE,0.9979165196418762
1424,NEGATIVE,0.5631546974182129
1425,POSITIVE,0.9843277931213379
1426,POSITIVE,0.9466719627380371
1427,NEGATIVE,0.8285251259803772
1428,NEGATIVE,0.9989349246025085
1429,NEGATIVE,0.998867392539978
1430,NEGATIVE,0.9990083575248718
1431,NEGATIVE,0.9719959497451782
1432,POSITIVE,0.9381762146949768
1433,NEGATIVE,0.7618776559829712
1434,NEGATIVE,0.9972392320632935
1435,NEGATIVE,0.9948175549507141
1436,POSITIVE,0.9394480586051941
1437,NEGATIVE,0.9984971284866333
1438,NEGATIVE,0.9865259528160095
1439,NEGATIVE,0.6792290806770325
1440,NEGATIVE,0.9916645884513855
1441,NEGATIVE,0.9926072359085083
1442,NEGATIVE,0.9942618608474731
1443,NEGATIVE,0.9890925884246826
1444,NEGATIVE,0.9614646434783936
1445,NEGATIVE,0.9964095950126648
1446,NEGATIVE,0.9954010248184204
1447,POSITIVE,0.9990561604499817
1448,NEGATIVE,0.9896873831748962
1449,NEGATIVE,0.9996844530105591
1450,POSITIVE,0.9780029654502869
1451,NEGATIVE,0.9994712471961975
1452,NEGATIVE,0.9951977133750916
1453,NEGATIVE,0.9691954851150513
1454,NEGATIVE,0.9980303645133972
1455,NEGATIVE,0.9996086955070496
1456,POSITIVE,0.9959495067596436
1457,POSITIVE,0.9978505373001099
1458,NEGATIVE,0.9910481572151184
1459,NEGATIVE,0.9723843336105347
1460,NEGATIVE,0.9837273359298706
1461,NEGATIVE,0.9993775486946106
1462,POSITIVE,0.9987868666648865
1463,POSITIVE,0.9891078472137451
1464,POSITIVE,0.9819124937057495
1465,NEGATIVE,0.9960739612579346
1466,POSITIVE,0.9842512607574463
1467,NEGATIVE,0.9652870297431946
1468,NEGATIVE,0.9940630793571472
1469,NEGATIVE,0.993236243724823
1470,NEGATIVE,0.9962932467460632
1471,NEGATIVE,0.9341411590576172
1472,NEGATIVE,0.993537962436676
1473,POSITIVE,0.8516957759857178
1474,POSITIVE,0.7996214032173157
1475,NEGATIVE,0.9935922026634216
1476,NEGATIVE,0.9973722696304321
1477,NEGATIVE,0.9977959394454956
1478,NEGATIVE,0.9870002865791321
1479,NEGATIVE,0.9971790313720703
1480,NEGATIVE,0.9984036087989807
1481,NEGATIVE,0.9378829598426819
1482,POSITIVE,0.760572612285614
1483,POSITIVE,0.7054644823074341
1484,NEGATIVE,0.9992073178291321
1485,POSITIVE,0.9100635051727295
1486,NEGATIVE,0.9980365633964539
1487,POSITIVE,0.9330416321754456
1488,NEGATIVE,0.9994630217552185
1489,NEGATIVE,0.9884371161460876
1490,POSITIVE,0.9951033592224121
1491,NEGATIVE,0.9966520667076111
1492,POSITIVE,0.9017509818077087
1493,NEGATIVE,0.9951567053794861
1494,NEGATIVE,0.7556678652763367
1495,POSITIVE,0.9917146563529968
1496,NEGATIVE,0.9996743202209473
1497,POSITIVE,0.99931800365448
1498,NEGATIVE,0.989510178565979
1499,NEGATIVE,0.9919379353523254
1500,NEGATIVE,0.9981846213340759
1501,NEGATIVE,0.9952874183654785
1502,POSITIVE,0.9992252588272095
1503,NEGATIVE,0.9963384866714478
1504,NEGATIVE,0.9952064156532288
1505,POSITIVE,0.9650588631629944
1506,POSITIVE,0.9922927618026733
1507,NEGATIVE,0.9988487958908081
1508,NEGATIVE,0.9883285760879517
1509,NEGATIVE,0.9949181079864502
1510,NEGATIVE,0.9995868802070618
1511,NEGATIVE,0.7875359654426575
1512,NEGATIVE,0.9256193041801453
1513,NEGATIVE,0.9995561242103577
1514,NEGATIVE,0.9819784760475159
1515,NEGATIVE,0.9988904595375061
1516,POSITIVE,0.983349084854126
1517,NEGATIVE,0.9993840456008911
1518,NEGATIVE,0.999640941619873
1519,NEGATIVE,0.9972572922706604
1520,POSITIVE,0.9745292067527771
1521,NEGATIVE,0.9995477795600891
1522,NEGATIVE,0.9995015859603882
1523,POSITIVE,0.671589732170105
1524,NEGATIVE,0.9964602589607239
1525,POSITIVE,0.9963990449905396
1526,POSITIVE,0.6892111897468567
1527,NEGATIVE,0.9759508371353149
1528,NEGATIVE,0.9981735944747925
1529,NEGATIVE,0.9898068308830261
1530,POSITIVE,0.9995736479759216
1531,NEGATIVE,0.7206684947013855
1532,NEGATIVE,0.9979445338249207
1533,NEGATIVE,0.9966321587562561
1534,NEGATIVE,0.9964397549629211
1535,NEGATIVE,0.9898804426193237
1536,NEGATIVE,0.9231871366500854
1537,NEGATIVE,0.9989064931869507
1538,POSITIVE,0.9995414018630981
1539,NEGATIVE,0.998162567615509
1540,NEGATIVE,0.998374342918396
1541,NEGATIVE,0.9986716508865356
1542,POSITIVE,0.993638813495636
1543,NEGATIVE,0.9476215839385986
1544,NEGATIVE,0.9997051358222961
1545,NEGATIVE,0.509770393371582
1546,NEGATIVE,0.9974910020828247
1547,NEGATIVE,0.9974575638771057
1548,NEGATIVE,0.9954611659049988
1549,NEGATIVE,0.9906980395317078
1550,POSITIVE,0.9991945624351501
1551,NEGATIVE,0.9996786117553711
1552,POSITIVE,0.733954906463623
1553,NEGATIVE,0.9948217868804932
1554,NEGATIVE,0.998809814453125
1555,NEGATIVE,0.999231219291687
1556,NEGATIVE,0.9979409575462341
1557,NEGATIVE,0.952392041683197
1558,NEGATIVE,0.9985929131507874
1559,NEGATIVE,0.9987854361534119
1560,NEGATIVE,0.9964939951896667
1561,NEGATIVE,0.9977622032165527
1562,POSITIVE,0.9873778223991394
1563,NEGATIVE,0.8433035612106323
1564,NEGATIVE,0.9944918155670166
1565,NEGATIVE,0.9972891807556152
1566,POSITIVE,0.9987483024597168
1567,NEGATIVE,0.9815313816070557
1568,NEGATIVE,0.9969409108161926
1569,NEGATIVE,0.9851914644241333
1570,NEGATIVE,0.9744689464569092
1571,NEGATIVE,0.9958913326263428
1572,POSITIVE,0.9967240691184998
1573,NEGATIVE,0.9977951049804688
1574,NEGATIVE,0.9981800317764282
1575,NEGATIVE,0.992480993270874
1576,NEGATIVE,0.9715002179145813
1577,NEGATIVE,0.9992882609367371
1578,NEGATIVE,0.9912257790565491
1579,POSITIVE,0.9921517372131348
1580,NEGATIVE,0.9969136714935303
1581,POSITIVE,0.9585779905319214
1582,NEGATIVE,0.8558469414710999
1583,NEGATIVE,0.9979603290557861
1584,NEGATIVE,0.9864825010299683
1585,POSITIVE,0.9427480697631836
1586,NEGATIVE,0.9976648092269897
1587,NEGATIVE,0.8994340896606445
1588,POSITIVE,0.9286741614341736
1589,NEGATIVE,0.995693564414978
1590,NEGATIVE,0.9993294477462769
1591,NEGATIVE,0.9989622831344604
1592,NEGATIVE,0.9848639369010925
1593,NEGATIVE,0.9995037317276001
1594,NEGATIVE,0.9978504180908203
1595,POSITIVE,0.9455148577690125
1596,NEGATIVE,0.9992038607597351
1597,POSITIVE,0.8763365149497986
1598,NEGATIVE,0.8649294972419739
1599,POSITIVE,0.9935373663902283
1600,NEGATIVE,0.9939894676208496
1601,NEGATIVE,0.9988638162612915
1602,NEGATIVE,0.9420514106750488
1603,NEGATIVE,0.9977411031723022
1604,NEGATIVE,0.9842489361763
1605,NEGATIVE,0.9969903230667114
1606,NEGATIVE,0.9985514283180237
1607,NEGATIVE,0.9945563077926636
1608,NEGATIVE,0.9993502497673035
1609,NEGATIVE,0.9988248944282532
1610,NEGATIVE,0.9966830611228943
1611,POSITIVE,0.9960297346115112
1612,NEGATIVE,0.6660573482513428
1613,NEGATIVE,0.736169695854187
1614,NEGATIVE,0.9591650366783142
1615,NEGATIVE,0.6515017747879028
1616,NEGATIVE,0.9926741719245911
1617,NEGATIVE,0.9984069466590881
1618,NEGATIVE,0.9988517761230469
1619,NEGATIVE,0.9986831545829773
1620,NEGATIVE,0.9992619156837463
1621,POSITIVE,0.9585591554641724
1622,NEGATIVE,0.9794472455978394
1623,NEGATIVE,0.9990096092224121
1624,NEGATIVE,0.9939418435096741
1625,NEGATIVE,0.8660703301429749
1626,POSITIVE,0.9962087869644165
1627,NEGATIVE,0.9995633959770203
1628,NEGATIVE,0.9402039647102356
1629,POSITIVE,0.9992372989654541
1630,POSITIVE,0.9958653450012207
1631,NEGATIVE,0.931745707988739
1632,NEGATIVE,0.9991391897201538
1633,NEGATIVE,0.9896152019500732
1634,NEGATIVE,0.999349057674408
1635,NEGATIVE,0.9689775109291077
1636,POSITIVE,0.996123731136322
1637,NEGATIVE,0.9989857077598572
1638,NEGATIVE,0.9967724680900574
1639,NEGATIVE,0.9876139163970947
1640,NEGATIVE,0.9991689920425415
1641,NEGATIVE,0.9962894916534424
1642,NEGATIVE,0.9914993643760681
1643,NEGATIVE,0.9768638014793396
1644,NEGATIVE,0.9957455992698669
1645,NEGATIVE,0.736711323261261
1646,NEGATIVE,0.999366819858551
1647,POSITIVE,0.6643469929695129
1648,NEGATIVE,0.9611405730247498
1649,NEGATIVE,0.9797597527503967
1650,NEGATIVE,0.9988629817962646
1651,NEGATIVE,0.9815489649772644
1652,NEGATIVE,0.9639641642570496
1653,NEGATIVE,0.8584814071655273
1654,POSITIVE,0.9905056357383728
1655,NEGATIVE,0.9944601058959961
1656,NEGATIVE,0.908161997795105
1657,NEGATIVE,0.9890159964561462
1658,NEGATIVE,0.9952195286750793
1659,NEGATIVE,0.9751885533332825
1660,NEGATIVE,0.9980134963989258
1661,NEGATIVE,0.9984496831893921
1662,POSITIVE,0.9691452383995056
1663,NEGATIVE,0.9976465106010437
1664,NEGATIVE,0.9980176687240601
1665,NEGATIVE,0.9979028701782227
1666,NEGATIVE,0.9995718598365784
1667,POSITIVE,0.9905731081962585
1668,NEGATIVE,0.9936006665229797
1669,NEGATIVE,0.9983452558517456
1670,NEGATIVE,0.9952099919319153
1671,POSITIVE,0.987180769443512
1672,POSITIVE,0.999404788017273
1673,NEGATIVE,0.9990600943565369
1674,NEGATIVE,0.9821481704711914
1675,NEGATIVE,0.9995172023773193
1676,POSITIVE,0.9965265393257141
1677,POSITIVE,0.8774768710136414
1678,NEGATIVE,0.9980893731117249
1679,NEGATIVE,0.998965859413147
1680,NEGATIVE,0.9946873188018799
1681,POSITIVE,0.9992707371711731
1682,NEGATIVE,0.9843127727508545
1683,POSITIVE,0.7433687448501587
1684,POSITIVE,0.7960593700408936
1685,NEGATIVE,0.9989051818847656
1686,NEGATIVE,0.9952176809310913
1687,NEGATIVE,0.9241433143615723
1688,NEGATIVE,0.9995618462562561
1689,NEGATIVE,0.996366024017334
1690,NEGATIVE,0.9997333884239197
1691,NEGATIVE,0.9966698288917542
1692,NEGATIVE,0.9984489679336548
1693,POSITIVE,0.9940430521965027
1694,POSITIVE,0.9991061091423035
1695,NEGATIVE,0.9829298257827759
1696,NEGATIVE,0.9983540773391724
1697,NEGATIVE,0.9939699172973633
1698,NEGATIVE,0.9990785121917725
1699,NEGATIVE,0.713982105255127
1700,NEGATIVE,0.9941350817680359
1701,NEGATIVE,0.9908045530319214
1702,POSITIVE,0.7726477384567261
1703,POSITIVE,0.8103901147842407
1704,POSITIVE,0.9952947497367859
1705,NEGATIVE,0.9991888403892517
1706,NEGATIVE,0.9970355033874512
1707,POSITIVE,0.5245897173881531
1708,NEGATIVE,0.998860239982605
1709,NEGATIVE,0.9980443716049194
1710,NEGATIVE,0.9735108613967896
1711,NEGATIVE,0.9984725117683411
1712,POSITIVE,0.6726540923118591
1713,NEGATIVE,0.997389018535614
1714,POSITIVE,0.9581906199455261
1715,POSITIVE,0.8596534132957458
1716,NEGATIVE,0.6645074486732483
1717,NEGATIVE,0.9843730926513672
1718,NEGATIVE,0.9991967082023621
1719,NEGATIVE,0.9989573955535889
1720,NEGATIVE,0.9861732721328735
1721,NEGATIVE,0.9875669479370117
1722,NEGATIVE,0.9985194802284241
1723,NEGATIVE,0.9990847110748291
1724,POSITIVE,0.992508590221405
1725,NEGATIVE,0.98868727684021
1726,NEGATIVE,0.9985259175300598
1727,NEGATIVE,0.9965163469314575
1728,NEGATIVE,0.9990504384040833
1729,POSITIVE,0.9823032021522522
1730,POSITIVE,0.6063212752342224
1731,NEGATIVE,0.9968992471694946
1732,POSITIVE,0.992901623249054
1733,POSITIVE,0.9953926801681519
1734,POSITIVE,0.9925980567932129
1735,NEGATIVE,0.9643431305885315
1736,POSITIVE,0.9055631160736084
1737,NEGATIVE,0.9092772006988525
1738,NEGATIVE,0.9994157552719116
1739,NEGATIVE,0.9995649456977844
1740,NEGATIVE,0.998290479183197
1741,NEGATIVE,0.9991950392723083
1742,POSITIVE,0.9912751913070679
1743,POSITIVE,0.9993731379508972
1744,POSITIVE,0.9796319603919983
1745,POSITIVE,0.9825344681739807
1746,NEGATIVE,0.9944496154785156
1747,NEGATIVE,0.9979717135429382
1748,POSITIVE,0.940706193447113
1749,NEGATIVE,0.7440148591995239
1750,NEGATIVE,0.9995561242103577
1751,NEGATIVE,0.5064890384674072
1752,POSITIVE,0.9997840523719788
1753,NEGATIVE,0.9983604550361633
1754,NEGATIVE,0.9919134378433228
1755,NEGATIVE,0.9701979756355286
1756,NEGATIVE,0.9985653758049011
1757,NEGATIVE,0.9884293079376221
1758,NEGATIVE,0.9884293079376221
1759,NEGATIVE,0.9231205582618713
1760,NEGATIVE,0.9930190443992615
1761,NEGATIVE,0.9959660768508911
1762,NEGATIVE,0.8798158764839172
1763,POSITIVE,0.979189395904541
1764,NEGATIVE,0.9668211340904236
1765,NEGATIVE,0.9995673298835754
1766,NEGATIVE,0.9988491535186768
1767,POSITIVE,0.9962323307991028
1768,NEGATIVE,0.9388055801391602
1769,NEGATIVE,0.9962103366851807
1770,NEGATIVE,0.9973799586296082
1771,NEGATIVE,0.9984487295150757
1772,NEGATIVE,0.9988487958908081
1773,NEGATIVE,0.9964144229888916
1774,POSITIVE,0.7333827018737793
1775,NEGATIVE,0.998561680316925
1776,NEGATIVE,0.997017502784729
1777,NEGATIVE,0.9989042282104492
1778,NEGATIVE,0.961306095123291
1779,POSITIVE,0.9963101744651794
1780,POSITIVE,0.9939762353897095
1781,NEGATIVE,0.9974207878112793
1782,NEGATIVE,0.617582380771637
1783,NEGATIVE,0.8961545825004578
1784,NEGATIVE,0.996839165687561
1785,NEGATIVE,0.9930992126464844
1786,NEGATIVE,0.9988601207733154
1787,NEGATIVE,0.9991785883903503
1788,NEGATIVE,0.9914604425430298
1789,POSITIVE,0.9909631609916687
1790,NEGATIVE,0.9989656209945679
1791,NEGATIVE,0.987924337387085
1792,NEGATIVE,0.9963604807853699
1793,POSITIVE,0.9995661377906799
1794,NEGATIVE,0.9946187734603882
1795,NEGATIVE,0.9989162683486938
1796,NEGATIVE,0.9972341656684875
1797,POSITIVE,0.6807950139045715
1798,NEGATIVE,0.9989591836929321
1799,NEGATIVE,0.9750604629516602
1800,NEGATIVE,0.9784835577011108
1801,NEGATIVE,0.9667633771896362
1802,POSITIVE,0.9604008793830872
1803,NEGATIVE,0.9868552088737488
1804,NEGATIVE,0.982099175453186
1805,NEGATIVE,0.9875298738479614
1806,NEGATIVE,0.9955841898918152
1807,NEGATIVE,0.9724736213684082
1808,NEGATIVE,0.9976720213890076
1809,NEGATIVE,0.5938621163368225
1810,POSITIVE,0.769563615322113
1811,NEGATIVE,0.9953179359436035
1812,NEGATIVE,0.9989795088768005
1813,NEGATIVE,0.9971656203269958
1814,NEGATIVE,0.99913090467453
1815,POSITIVE,0.9163317084312439
1816,NEGATIVE,0.9988366961479187
1817,NEGATIVE,0.9993937015533447
1818,POSITIVE,0.8508292436599731
1819,NEGATIVE,0.9931454658508301
1820,POSITIVE,0.830219030380249
1821,NEGATIVE,0.9766137003898621
1822,NEGATIVE,0.9874618649482727
1823,NEGATIVE,0.995261013507843
1824,NEGATIVE,0.9972931742668152
1825,NEGATIVE,0.9991200566291809
1826,NEGATIVE,0.9966877102851868
1827,NEGATIVE,0.9530289769172668
1828,POSITIVE,0.9854944944381714
1829,NEGATIVE,0.9966849684715271
1830,NEGATIVE,0.9870872497558594
1831,NEGATIVE,0.9988558292388916
1832,NEGATIVE,0.9978269934654236
1833,NEGATIVE,0.9973849654197693
1834,NEGATIVE,0.9986943602561951
1835,NEGATIVE,0.9981631636619568
1836,NEGATIVE,0.9994598031044006
1837,NEGATIVE,0.9465055465698242
1838,POSITIVE,0.627702534198761
1839,NEGATIVE,0.9990794658660889
1840,NEGATIVE,0.9870553016662598
1841,NEGATIVE,0.9681095480918884
1842,NEGATIVE,0.9960412979125977
1843,NEGATIVE,0.9980308413505554
1844,NEGATIVE,0.9994788765907288
1845,NEGATIVE,0.9957751631736755
1846,NEGATIVE,0.9888340830802917
1847,NEGATIVE,0.9964913725852966
1848,NEGATIVE,0.9979593753814697
1849,POSITIVE,0.8462821841239929
1850,NEGATIVE,0.9952947497367859
1851,NEGATIVE,0.9878364205360413
1852,NEGATIVE,0.9892409443855286
1853,NEGATIVE,0.9894352555274963
1854,NEGATIVE,0.9987782835960388
1855,NEGATIVE,0.9989420771598816
1856,POSITIVE,0.996610701084137
1857,NEGATIVE,0.9862545728683472
1858,NEGATIVE,0.9992037415504456
1859,POSITIVE,0.8790472149848938
1860,NEGATIVE,0.9940233826637268
1861,NEGATIVE,0.9985926747322083
1862,NEGATIVE,0.9991425275802612
1863,NEGATIVE,0.9996707439422607
1864,NEGATIVE,0.9588936567306519
1865,NEGATIVE,0.9994547963142395
1866,NEGATIVE,0.9983507394790649
1867,NEGATIVE,0.9974570870399475
1868,POSITIVE,0.9984531402587891
1869,NEGATIVE,0.9969646334648132
1870,NEGATIVE,0.9991673231124878
1871,NEGATIVE,0.835141658782959
1872,POSITIVE,0.9854802489280701
1873,NEGATIVE,0.9996108412742615
1874,NEGATIVE,0.9984411597251892
1875,NEGATIVE,0.9988648891448975
1876,NEGATIVE,0.9868582487106323
1877,NEGATIVE,0.9907779693603516
1878,POSITIVE,0.9578526020050049
1879,NEGATIVE,0.9933434724807739
1880,NEGATIVE,0.9373657703399658
1881,POSITIVE,0.8222576379776001
1882,POSITIVE,0.5422595739364624
1883,NEGATIVE,0.980256199836731
1884,NEGATIVE,0.9984602928161621
1885,NEGATIVE,0.9951162338256836
1886,NEGATIVE,0.6044970154762268
1887,NEGATIVE,0.9962344765663147
1888,POSITIVE,0.9388105869293213
1889,NEGATIVE,0.9375020265579224
1890,NEGATIVE,0.9951228499412537
1891,NEGATIVE,0.995598316192627
1892,NEGATIVE,0.9629837274551392
1893,NEGATIVE,0.997469425201416
1894,NEGATIVE,0.9748265743255615
1895,NEGATIVE,0.9978529214859009
1896,NEGATIVE,0.9989598989486694
1897,NEGATIVE,0.7490655183792114
1898,NEGATIVE,0.9995809197425842
1899,NEGATIVE,0.9914804697036743
1900,NEGATIVE,0.9993088245391846
1901,POSITIVE,0.9996688365936279
1902,POSITIVE,0.9844937324523926
1903,NEGATIVE,0.9983691573143005
1904,NEGATIVE,0.9022587537765503
1905,NEGATIVE,0.997391939163208
1906,NEGATIVE,0.9972188472747803
1907,NEGATIVE,0.9699329733848572
1908,NEGATIVE,0.9487310647964478
1909,NEGATIVE,0.9986504912376404
1910,NEGATIVE,0.9976484179496765
1911,NEGATIVE,0.9974103569984436
1912,POSITIVE,0.8116803765296936
1913,NEGATIVE,0.9294214844703674
1914,NEGATIVE,0.9983289837837219
1915,NEGATIVE,0.5814236998558044
1916,NEGATIVE,0.9906506538391113
1917,NEGATIVE,0.9988394379615784
1918,POSITIVE,0.9988142251968384
1919,NEGATIVE,0.9705026745796204
1920,NEGATIVE,0.8784425258636475
1921,POSITIVE,0.9037884473800659
1922,NEGATIVE,0.999618411064148
1923,NEGATIVE,0.9966637492179871
1924,NEGATIVE,0.9993420243263245
1925,NEGATIVE,0.9958727955818176
1926,NEGATIVE,0.9927965998649597
1927,NEGATIVE,0.9531323909759521
1928,POSITIVE,0.9717854857444763
1929,POSITIVE,0.9990563988685608
1930,NEGATIVE,0.9995803236961365
1931,NEGATIVE,0.9956219792366028
1932,NEGATIVE,0.9991967082023621
1933,POSITIVE,0.9844686388969421
1934,NEGATIVE,0.9819833040237427
1935,NEGATIVE,0.9579284191131592
1936,NEGATIVE,0.9996645450592041
1937,NEGATIVE,0.9976323843002319
1938,NEGATIVE,0.9952294826507568
1939,NEGATIVE,0.9993358254432678
1940,POSITIVE,0.997565746307373
1941,POSITIVE,0.997565746307373
1942,NEGATIVE,0.999329686164856
1943,NEGATIVE,0.9994567036628723
1944,NEGATIVE,0.9997380375862122
1945,NEGATIVE,0.9707934856414795
1946,NEGATIVE,0.9961519837379456
1947,NEGATIVE,0.9978559613227844
1948,NEGATIVE,0.9703108668327332
1949,NEGATIVE,0.5371063947677612
1950,NEGATIVE,0.9948061108589172
1951,NEGATIVE,0.9929748773574829
1952,NEGATIVE,0.9987370371818542
1953,NEGATIVE,0.990546703338623
1954,NEGATIVE,0.9940614104270935
1955,NEGATIVE,0.7535564303398132
1956,POSITIVE,0.9705963730812073
1957,POSITIVE,0.7811063528060913
1958,NEGATIVE,0.9948217868804932
1959,POSITIVE,0.9922119379043579
1960,NEGATIVE,0.9982534050941467
1961,NEGATIVE,0.956334114074707
1962,NEGATIVE,0.98799729347229
1963,NEGATIVE,0.9859602451324463
1964,NEGATIVE,0.9888932108879089
1965,NEGATIVE,0.9969511032104492
1966,NEGATIVE,0.9976528286933899
1967,NEGATIVE,0.9986690282821655
1968,NEGATIVE,0.9992114305496216
1969,NEGATIVE,0.9982057809829712
1970,NEGATIVE,0.9914968609809875
1971,NEGATIVE,0.9913352131843567
1972,NEGATIVE,0.9852450489997864
1973,NEGATIVE,0.936961829662323
1974,NEGATIVE,0.9968529343605042
1975,NEGATIVE,0.8623872399330139
1976,POSITIVE,0.9595823884010315
1977,POSITIVE,0.9987854361534119
1978,NEGATIVE,0.9991427659988403
1979,NEGATIVE,0.9990829229354858
1980,NEGATIVE,0.9967464208602905
1981,NEGATIVE,0.9998058676719666
1982,POSITIVE,0.9891425967216492
1983,NEGATIVE,0.5828718543052673
1984,NEGATIVE,0.9987112283706665
1985,NEGATIVE,0.9888626337051392
1986,POSITIVE,0.5798018574714661
1987,NEGATIVE,0.9993969202041626
1988,POSITIVE,0.8402428030967712
1989,POSITIVE,0.9993252754211426
1990,POSITIVE,0.9973534345626831
1991,POSITIVE,0.9976747632026672
1992,NEGATIVE,0.9991781115531921
1993,NEGATIVE,0.9989504218101501
1994,NEGATIVE,0.9900363683700562
1995,NEGATIVE,0.9928066730499268
1996,NEGATIVE,0.9940388202667236
1997,NEGATIVE,0.9995858073234558
1998,NEGATIVE,0.9921236634254456
1999,NEGATIVE,0.9978183507919312
2000,NEGATIVE,0.999357283115387
2001,NEGATIVE,0.9986742734909058
2002,NEGATIVE,0.9986079335212708
2003,NEGATIVE,0.9844547510147095
2004,POSITIVE,0.9884582161903381
2005,POSITIVE,0.9659619927406311
2006,POSITIVE,0.9994403719902039
2007,NEGATIVE,0.8083822727203369
2008,NEGATIVE,0.8172236680984497
2009,NEGATIVE,0.9979720711708069
2010,NEGATIVE,0.9780363440513611
2011,POSITIVE,0.9990532994270325
2012,NEGATIVE,0.9918200969696045
2013,NEGATIVE,0.5934412479400635
2014,NEGATIVE,0.6929123997688293
2015,NEGATIVE,0.9846512079238892
2016,NEGATIVE,0.9988849759101868
2017,NEGATIVE,0.9994205236434937
2018,POSITIVE,0.9991490840911865
2019,NEGATIVE,0.9951810240745544
2020,POSITIVE,0.7639261484146118
2021,NEGATIVE,0.9952234625816345
2022,NEGATIVE,0.997132420539856
2023,NEGATIVE,0.9930174350738525
2024,POSITIVE,0.9871407747268677
2025,POSITIVE,0.9843372702598572
2026,NEGATIVE,0.7099907398223877
2027,POSITIVE,0.9986911416053772
2028,NEGATIVE,0.9994871616363525
2029,NEGATIVE,0.9993769526481628
2030,NEGATIVE,0.9684721827507019
2031,POSITIVE,0.9876347184181213
2032,NEGATIVE,0.9974557757377625
2033,NEGATIVE,0.9940908551216125
2034,NEGATIVE,0.9961530566215515
2035,NEGATIVE,0.9990273714065552
2036,POSITIVE,0.9196202158927917
2037,POSITIVE,0.9996640682220459
2038,POSITIVE,0.6932174563407898
2039,NEGATIVE,0.9989994168281555
2040,NEGATIVE,0.9758952260017395
2041,NEGATIVE,0.9996433258056641
2042,POSITIVE,0.9978773593902588
2043,POSITIVE,0.9935023188591003
2044,NEGATIVE,0.9936350584030151
2045,NEGATIVE,0.8427296280860901
2046,POSITIVE,0.9990276098251343
2047,POSITIVE,0.5867390632629395
2048,NEGATIVE,0.9988300204277039
2049,NEGATIVE,0.998525083065033
2050,NEGATIVE,0.7822877168655396
2051,NEGATIVE,0.9988483190536499
2052,NEGATIVE,0.9458498358726501
2053,NEGATIVE,0.9991708993911743
2054,NEGATIVE,0.9225277900695801
2055,POSITIVE,0.9457507729530334
2056,NEGATIVE,0.9963858127593994
2057,POSITIVE,0.9307072758674622
2058,POSITIVE,0.9976857900619507
2059,NEGATIVE,0.9965795874595642
2060,NEGATIVE,0.9689805507659912
2061,NEGATIVE,0.9975711703300476
2062,NEGATIVE,0.9972661733627319
2063,NEGATIVE,0.9880016446113586
2064,POSITIVE,0.9585005640983582
2065,POSITIVE,0.9941574335098267
2066,POSITIVE,0.9967266321182251
2067,NEGATIVE,0.9982261061668396
2068,NEGATIVE,0.9994685053825378
2069,NEGATIVE,0.7104605436325073
2070,NEGATIVE,0.9984784722328186
2071,NEGATIVE,0.9981496334075928
2072,POSITIVE,0.9582518935203552
2073,NEGATIVE,0.9134733080863953
2074,NEGATIVE,0.9923756718635559
2075,NEGATIVE,0.9987043142318726
2076,POSITIVE,0.9812452793121338
2077,NEGATIVE,0.9875417351722717
2078,NEGATIVE,0.9990179538726807
2079,NEGATIVE,0.9956531524658203
2080,POSITIVE,0.9184632897377014
2081,POSITIVE,0.9902250170707703
2082,NEGATIVE,0.9831686019897461
2083,NEGATIVE,0.9974668025970459
2084,NEGATIVE,0.8877564668655396
2085,NEGATIVE,0.9987484216690063
2086,NEGATIVE,0.988827109336853
2087,NEGATIVE,0.7558896541595459
2088,NEGATIVE,0.9877197742462158
2089,NEGATIVE,0.9987251162528992
2090,NEGATIVE,0.5571696162223816
2091,NEGATIVE,0.9974216222763062
2092,POSITIVE,0.9835863709449768
2093,NEGATIVE,0.9920144081115723
2094,NEGATIVE,0.9815707802772522
2095,POSITIVE,0.9981998205184937
2096,NEGATIVE,0.9991965889930725
2097,NEGATIVE,0.9992839694023132
2098,POSITIVE,0.9852185845375061
2099,POSITIVE,0.9911541938781738
2100,NEGATIVE,0.9930443167686462
2101,NEGATIVE,0.9992640614509583
2102,NEGATIVE,0.999000608921051
2103,NEGATIVE,0.6821197867393494
2104,NEGATIVE,0.9995429515838623
2105,NEGATIVE,0.9950968623161316
2106,POSITIVE,0.996990442276001
2107,NEGATIVE,0.9925468564033508
2108,NEGATIVE,0.9987442493438721
2109,NEGATIVE,0.9989721775054932
2110,NEGATIVE,0.9995028972625732
2111,NEGATIVE,0.9983435869216919
2112,NEGATIVE,0.9547984600067139
2113,POSITIVE,0.9906859993934631
2114,NEGATIVE,0.9450451135635376
2115,POSITIVE,0.931041419506073
2116,NEGATIVE,0.9877859354019165
2117,NEGATIVE,0.7961145639419556
2118,NEGATIVE,0.9952493906021118
2119,NEGATIVE,0.9776955246925354
2120,NEGATIVE,0.9549692869186401
2121,NEGATIVE,0.997351884841919
2122,NEGATIVE,0.9943168759346008
2123,POSITIVE,0.9295046925544739
2124,NEGATIVE,0.9788277745246887
2125,NEGATIVE,0.9967370629310608
2126,NEGATIVE,0.9969502091407776
2127,NEGATIVE,0.9987188577651978
2128,NEGATIVE,0.998335063457489
2129,NEGATIVE,0.998871386051178
2130,NEGATIVE,0.9836094379425049
2131,NEGATIVE,0.9983142614364624
2132,NEGATIVE,0.9972026348114014
2133,NEGATIVE,0.9973255395889282
2134,POSITIVE,0.7828170657157898
2135,NEGATIVE,0.5182356834411621
2136,POSITIVE,0.9975162744522095
2137,NEGATIVE,0.7240559458732605
2138,NEGATIVE,0.9990992546081543
2139,POSITIVE,0.9962526559829712
2140,POSITIVE,0.6718183755874634
2141,NEGATIVE,0.9992731213569641
2142,POSITIVE,0.9966611862182617
2143,POSITIVE,0.9843094348907471
2144,NEGATIVE,0.9984545707702637
2145,NEGATIVE,0.999583899974823
2146,NEGATIVE,0.9988349080085754
2147,POSITIVE,0.9995852112770081
2148,NEGATIVE,0.993913471698761
2149,NEGATIVE,0.9990904331207275
2150,POSITIVE,0.9786303639411926
2151,NEGATIVE,0.9974038004875183
2152,NEGATIVE,0.9985976815223694
2153,NEGATIVE,0.968346357345581
2154,POSITIVE,0.82745361328125
2155,NEGATIVE,0.9968044757843018
2156,NEGATIVE,0.9992555975914001
2157,POSITIVE,0.9569982290267944
2158,POSITIVE,0.9673686623573303
2159,NEGATIVE,0.9991517066955566
2160,NEGATIVE,0.9903792142868042
2161,NEGATIVE,0.9997014403343201
2162,NEGATIVE,0.9989323019981384
2163,POSITIVE,0.9899123311042786
2164,NEGATIVE,0.9866209030151367
2165,NEGATIVE,0.998065173625946
2166,NEGATIVE,0.7617102861404419
2167,NEGATIVE,0.9989866614341736
2168,NEGATIVE,0.9103742241859436
2169,NEGATIVE,0.9992521405220032
2170,NEGATIVE,0.9976119995117188
2171,NEGATIVE,0.9973533153533936
2172,NEGATIVE,0.5812314748764038
2173,NEGATIVE,0.8631473779678345
2174,NEGATIVE,0.9964812994003296
2175,POSITIVE,0.7878521084785461
2176,NEGATIVE,0.8675758242607117
2177,NEGATIVE,0.9970006346702576
2178,POSITIVE,0.9830961227416992
2179,NEGATIVE,0.8833929896354675
2180,POSITIVE,0.6568000316619873
2181,POSITIVE,0.9997847676277161
2182,NEGATIVE,0.9979415535926819
2183,NEGATIVE,0.9967796206474304
2184,POSITIVE,0.997475802898407
2185,NEGATIVE,0.9992769360542297
2186,POSITIVE,0.6424574255943298
2187,NEGATIVE,0.9984939098358154
2188,NEGATIVE,0.9988976716995239
2189,NEGATIVE,0.9963045120239258
2190,NEGATIVE,0.5179343223571777
2191,NEGATIVE,0.999481737613678
2192,NEGATIVE,0.9783499240875244
2193,NEGATIVE,0.9976342916488647
2194,NEGATIVE,0.9371635317802429
2195,NEGATIVE,0.833369255065918
2196,NEGATIVE,0.5408275127410889
2197,NEGATIVE,0.7045925259590149
2198,NEGATIVE,0.9908209443092346
2199,NEGATIVE,0.9996657371520996
2200,NEGATIVE,0.9668245911598206
2201,NEGATIVE,0.9982140064239502
2202,NEGATIVE,0.9885474443435669
2203,NEGATIVE,0.9994958639144897
2204,NEGATIVE,0.9993417859077454
2205,NEGATIVE,0.5100456476211548
2206,NEGATIVE,0.9733119606971741
2207,NEGATIVE,0.9993401169776917
2208,NEGATIVE,0.5955018997192383
2209,POSITIVE,0.9750401973724365
2210,NEGATIVE,0.9729523062705994
2211,NEGATIVE,0.999395489692688
2212,NEGATIVE,0.998856782913208
2213,POSITIVE,0.9727707505226135
2214,POSITIVE,0.9979361295700073
2215,NEGATIVE,0.8740944266319275
2216,POSITIVE,0.9782096147537231
2217,NEGATIVE,0.9994978904724121
2218,POSITIVE,0.9874421954154968
2219,NEGATIVE,0.9545556306838989
2220,NEGATIVE,0.997904896736145
2221,NEGATIVE,0.9798499345779419
2222,NEGATIVE,0.9961400628089905
2223,NEGATIVE,0.9968517422676086
2224,NEGATIVE,0.9990623593330383
2225,NEGATIVE,0.9993288516998291
2226,POSITIVE,0.9442984461784363
2227,NEGATIVE,0.9941800832748413
2228,NEGATIVE,0.8379865884780884
2229,POSITIVE,0.9996353387832642
2230,POSITIVE,0.980012059211731
2231,NEGATIVE,0.9958947896957397
2232,NEGATIVE,0.998347282409668
2233,NEGATIVE,0.9919277429580688
2234,NEGATIVE,0.997692346572876
2235,NEGATIVE,0.9960657954216003
2236,NEGATIVE,0.987541139125824
2237,POSITIVE,0.9960808157920837
2238,NEGATIVE,0.9995774626731873
2239,NEGATIVE,0.9878478050231934
2240,NEGATIVE,0.9988498687744141
2241,NEGATIVE,0.9915315508842468
2242,NEGATIVE,0.9996976852416992
2243,NEGATIVE,0.971716046333313
2244,NEGATIVE,0.9963151812553406
2245,NEGATIVE,0.9908121228218079
2246,POSITIVE,0.9865655303001404
2247,NEGATIVE,0.9929811954498291
2248,NEGATIVE,0.9938564896583557
2249,NEGATIVE,0.9938564896583557
2250,NEGATIVE,0.9979724287986755
2251,POSITIVE,0.9983892440795898
2252,POSITIVE,0.9919509887695312
2253,NEGATIVE,0.9944161176681519
2254,POSITIVE,0.9619170427322388
2255,NEGATIVE,0.9997305274009705
2256,POSITIVE,0.810605525970459
2257,NEGATIVE,0.9866191744804382
2258,NEGATIVE,0.9972525238990784
2259,NEGATIVE,0.9995008707046509
2260,NEGATIVE,0.9960100650787354
2261,NEGATIVE,0.9949663281440735
2262,POSITIVE,0.9951090216636658
2263,POSITIVE,0.9988221526145935
2264,NEGATIVE,0.9882538318634033
2265,POSITIVE,0.9994993209838867
2266,NEGATIVE,0.9895623326301575
2267,NEGATIVE,0.995671272277832
2268,NEGATIVE,0.9976123571395874
2269,NEGATIVE,0.9992344379425049
2270,NEGATIVE,0.9994250535964966
2271,NEGATIVE,0.9987013339996338
2272,NEGATIVE,0.7560873627662659
2273,NEGATIVE,0.9992486834526062
2274,POSITIVE,0.8979317545890808
2275,POSITIVE,0.9861720204353333
2276,POSITIVE,0.9728191494941711
2277,POSITIVE,0.9993093013763428
2278,NEGATIVE,0.9974616765975952
2279,NEGATIVE,0.9950910806655884
2280,POSITIVE,0.9986372590065002
2281,NEGATIVE,0.9994311928749084
2282,NEGATIVE,0.9238619208335876
2283,POSITIVE,0.9927406907081604
2284,NEGATIVE,0.9991981387138367
2285,POSITIVE,0.7968888282775879
2286,NEGATIVE,0.9835683107376099
2287,NEGATIVE,0.9978123903274536
2288,POSITIVE,0.9964414238929749
2289,NEGATIVE,0.8153607249259949
2290,NEGATIVE,0.9978064894676208
2291,POSITIVE,0.9988927245140076
2292,NEGATIVE,0.9993597865104675
2293,POSITIVE,0.9942675232887268
2294,NEGATIVE,0.9479553699493408
2295,POSITIVE,0.9503220915794373
2296,POSITIVE,0.811790406703949
2297,POSITIVE,0.9688467979431152
2298,NEGATIVE,0.9993940591812134
2299,NEGATIVE,0.8730406761169434
2300,POSITIVE,0.9696957468986511
2301,POSITIVE,0.882965087890625
2302,NEGATIVE,0.9993991851806641
2303,NEGATIVE,0.9914729595184326
2304,POSITIVE,0.9500331878662109
2305,NEGATIVE,0.9742576479911804
2306,NEGATIVE,0.9973166584968567
2307,POSITIVE,0.994931161403656
2308,NEGATIVE,0.998150110244751
2309,POSITIVE,0.9654351472854614
2310,POSITIVE,0.9385990500450134
2311,NEGATIVE,0.9962382316589355
2312,NEGATIVE,0.9978795051574707
2313,NEGATIVE,0.9896315932273865
2314,NEGATIVE,0.9976351261138916
2315,NEGATIVE,0.999174177646637
2316,POSITIVE,0.5249223113059998
2317,NEGATIVE,0.995840311050415
2318,POSITIVE,0.9778720736503601
2319,NEGATIVE,0.9971953630447388
2320,NEGATIVE,0.9775031208992004
2321,POSITIVE,0.5516704320907593
2322,NEGATIVE,0.9987310767173767
2323,NEGATIVE,0.996487021446228
2324,NEGATIVE,0.5426401495933533
2325,POSITIVE,0.9986190795898438
2326,POSITIVE,0.7723419070243835
2327,NEGATIVE,0.9897090792655945
2328,NEGATIVE,0.9996122717857361
2329,NEGATIVE,0.9081268906593323
2330,NEGATIVE,0.9529517292976379
2331,NEGATIVE,0.9925490617752075
2332,NEGATIVE,0.9898474812507629
2333,NEGATIVE,0.9776442646980286
2334,NEGATIVE,0.9982408285140991
2335,POSITIVE,0.836799681186676
2336,POSITIVE,0.9603093862533569
2337,POSITIVE,0.6929805278778076
2338,NEGATIVE,0.9992353916168213
2339,POSITIVE,0.9990099668502808
2340,POSITIVE,0.9992306232452393
2341,NEGATIVE,0.9765185713768005
2342,NEGATIVE,0.9933983087539673
2343,NEGATIVE,0.9992944002151489
2344,POSITIVE,0.725066065788269
2345,NEGATIVE,0.9986088871955872
2346,NEGATIVE,0.9989103078842163
2347,NEGATIVE,0.99636310338974
2348,NEGATIVE,0.9708113670349121
2349,NEGATIVE,0.9992266893386841
2350,NEGATIVE,0.974396288394928
2351,NEGATIVE,0.9959130883216858
2352,NEGATIVE,0.9758470058441162
2353,NEGATIVE,0.9915196299552917
2354,POSITIVE,0.9824144244194031
2355,NEGATIVE,0.9937610030174255
2356,POSITIVE,0.9914323091506958
2357,NEGATIVE,0.9942785501480103
2358,NEGATIVE,0.9988393187522888
2359,POSITIVE,0.9981957077980042
2360,NEGATIVE,0.9991866946220398
2361,NEGATIVE,0.9967024922370911
2362,NEGATIVE,0.9931111335754395
2363,NEGATIVE,0.9947248101234436
2364,NEGATIVE,0.9991682767868042
2365,NEGATIVE,0.5643399357795715
2366,POSITIVE,0.8648673892021179
2367,NEGATIVE,0.9917901754379272
2368,POSITIVE,0.9944792985916138
2369,POSITIVE,0.9996298551559448
2370,POSITIVE,0.9947239756584167
2371,NEGATIVE,0.9974379539489746
2372,NEGATIVE,0.964655876159668
2373,POSITIVE,0.999396562576294
2374,NEGATIVE,0.9996954202651978
2375,NEGATIVE,0.9763036370277405
2376,POSITIVE,0.9923048615455627
2377,NEGATIVE,0.9957501888275146
2378,NEGATIVE,0.998785674571991
2379,NEGATIVE,0.9992228746414185
2380,NEGATIVE,0.9971773624420166
2381,NEGATIVE,0.8378204107284546
2382,NEGATIVE,0.9970585107803345
2383,NEGATIVE,0.9924466609954834
2384,POSITIVE,0.9921329617500305
2385,NEGATIVE,0.9994708895683289
2386,NEGATIVE,0.9973874688148499
